"Level";"Country";"County";"Place";"void";"Longitude";"Latitude";"ZoomLevel";"Icon"
2;England;Suffolk;Acton;;E0.75;N52.06;10;
2;England;Suffolk;Acton Place;;E0.74;N52.07;10;
2;England;Suffolk;Akenham;;E1.12;N52.08;10;
2;England;Suffolk;Alde;;E1.33;N52.27;10;
2;England;Suffolk;Aldeburgh;;E1.59;N52.14;10;
2;England;Suffolk;Alderton;;E1.40;N52.01;10;
2;England;Suffolk;Aldham;;E0.97;N52.06;10;
2;England;Suffolk;Aldringham;;E1.56;N52.18;10;
2;England;Suffolk;All Saints South Elmham;;E1.43;N52.38;10;
2;England;Suffolk;Allwood Green;;E0.99;N52.30;10;
2;England;Suffolk;Alpheton;;E0.74;N52.11;10;
2;England;Suffolk;Alton Water Reservoir;;E1.12;N51.98;10;
2;England;Suffolk;Ampton;;E0.72;N52.30;10;
2;England;Suffolk;Annis Hill;;E1.45;N52.44;10;
2;England;Suffolk;Apsey Green;;E1.32;N52.21;10;
2;England;Suffolk;Ardleigh Green;;E0.20;N51.57;10;
2;England;Suffolk;Ash Street;;E0.93;N52.07;10;
2;England;Suffolk;Ashbocking;;E1.15;N52.14;10;
2;England;Suffolk;Ashfield;;E1.21;N52.21;10;
2;England;Suffolk;Ashfield Cum Thorpe;;E1.21;N52.21;10;
2;England;Suffolk;Ashfield Green (near Stradbroke);;E1.31;N52.30;10;
2;England;Suffolk;Ashfield Green (near Wickhambrook);;E0.57;N52.16;10;
2;England;Suffolk;Aspall;;E1.17;N52.24;10;
2;England;Suffolk;Assington;;E0.81;N52.00;10;
2;England;Suffolk;Assington Green;;E0.58;N52.12;10;
2;England;Suffolk;Athelington;;E1.22;N52.28;10;
2;England;Suffolk;Attleton Green;;E0.54;N52.15;10;
2;England;Suffolk;Audley End;;E0.70;N52.14;10;
2;England;Suffolk;Babel Green;;E0.52;N52.10;10;
2;England;Suffolk;Back Street;;E0.54;N52.19;10;
2;England;Suffolk;Bacton;;E1.00;N52.26;10;
2;England;Suffolk;Bacton Green;;E0.97;N52.24;10;
2;England;Suffolk;Badwell Ash;;E0.91;N52.28;10;
2;England;Suffolk;Badwell Green;;E0.94;N52.28;10;
2;England;Suffolk;Bardwell;;E0.84;N52.32;10;
2;England;Suffolk;Barham;;E1.12;N52.11;10;
2;England;Suffolk;Barking;;E1.02;N52.13;10;
2;England;Suffolk;Barking Tye;;E1.00;N52.12;10;
2;England;Suffolk;Barnaby Green;;E1.62;N52.35;10;
2;England;Suffolk;Barnardiston;;E0.49;N52.10;10;
2;England;Suffolk;Barnby;;E1.63;N52.44;10;
2;England;Suffolk;Barnham;;E0.74;N52.37;10;
2;England;Suffolk;Barningham;;E0.87;N52.34;10;
2;England;Suffolk;Barrow;;E0.57;N52.23;10;
2;England;Suffolk;Barsham;;E1.51;N52.44;10;
2;England;Suffolk;Barsham;;E1.51;N52.44;10;
2;England;Suffolk;Barton Mills;;E0.50;N52.32;10;
2;England;Suffolk;Base Green;;E0.94;N52.22;10;
2;England;Suffolk;Battisford;;E0.99;N52.14;10;
2;England;Suffolk;Battisford Tye;;E0.95;N52.14;10;
2;England;Suffolk;Battlesea Green;;E1.25;N52.32;10;
2;England;Suffolk;Battlies Green;;E0.76;N52.24;10;
2;England;Suffolk;Bawdsey;;E1.40;N52.00;10;
2;England;Suffolk;Baxter's Green;;E0.55;N52.19;10;
2;England;Suffolk;Baylham;;E1.06;N52.11;10;
2;England;Suffolk;Beacon Hill;;E1.25;N52.07;10;
2;England;Suffolk;Beccles;;E1.56;N52.45;10;
2;England;Suffolk;Beck Row;;E0.48;N52.36;10;
2;England;Suffolk;Bedfield;;E1.25;N52.24;10;
2;England;Suffolk;Bedingfield;;E1.19;N52.26;10;
2;England;Suffolk;Bell's Corner;;E0.89;N51.99;10;
2;England;Suffolk;Belstead;;E1.10;N52.02;10;
2;England;Suffolk;Benacre;;E1.68;N52.39;10;
2;England;Suffolk;Benhall Green;;E1.48;N52.19;10;
2;England;Suffolk;Benhall Street;;E1.43;N52.19;10;
2;England;Suffolk;Beyton;;E0.82;N52.23;10;
2;England;Suffolk;Beyton Green;;E0.82;N52.23;10;
2;England;Suffolk;Bildeston;;E0.90;N52.10;10;
2;England;Suffolk;Billingford;;E1.17;N52.35;10;
2;England;Suffolk;Bird Street;;E0.92;N52.13;10;
2;England;Suffolk;Birds End;;E0.58;N52.21;10;
2;England;Suffolk;Black Street;;E1.68;N52.41;10;
2;England;Suffolk;Blacksmith's Corner;;E1.10;N52.01;10;
2;England;Suffolk;Blacksmith's Green;;E1.13;N52.24;10;
2;England;Suffolk;Blackthorpe;;E0.78;N52.23;10;
2;England;Suffolk;Blaxhall;;E1.44;N52.16;10;
2;England;Suffolk;Bleach Green;;E1.27;N52.34;10;
2;England;Suffolk;Blo' Norton;;E0.95;N52.37;10;
2;England;Suffolk;Bloodman's Corner;;E1.69;N52.53;10;
2;England;Suffolk;Blundeston;;E1.69;N52.51;10;
2;England;Suffolk;Blyford;;E1.55;N52.32;10;
2;England;Suffolk;Blyth;;E1.55;N52.33;10;
2;England;Suffolk;Blythburgh;;E1.59;N52.31;10;
2;England;Suffolk;Bobby Hill;;E0.93;N52.32;10;
2;England;Suffolk;Boot Street;;E1.23;N52.08;10;
2;England;Suffolk;Borley Green;;E0.91;N52.20;10;
2;England;Suffolk;Botesdale;;E0.99;N52.33;10;
2;England;Suffolk;Bowbeck;;E0.84;N52.33;10;
2;England;Suffolk;Bower House Tye;;E0.88;N52.02;10;
2;England;Suffolk;Boxford;;E0.85;N52.02;10;
2;England;Suffolk;Boxted;;E0.65;N52.12;10;
2;England;Suffolk;Boyden End;;E0.52;N52.16;10;
2;England;Suffolk;Boyton;;E1.45;N52.07;10;
2;England;Suffolk;Boyton End;;E0.49;N52.06;10;
2;England;Suffolk;Bradfield Combust;;E0.76;N52.17;10;
2;England;Suffolk;Bradfield St Clare;;E0.77;N52.17;10;
2;England;Suffolk;Bradfield St George;;E0.79;N52.20;10;
2;England;Suffolk;Braiseworth;;E1.12;N52.29;10;
2;England;Suffolk;Bramfield;;E1.51;N52.30;10;
2;England;Suffolk;Bramford;;E1.09;N52.07;10;
2;England;Suffolk;Brampton;;E1.56;N52.37;10;
2;England;Suffolk;Brampton Street;;E1.55;N52.37;10;
2;England;Suffolk;Brandeston;;E1.27;N52.19;10;
2;England;Suffolk;Brandon;;E0.61;N52.44;10;
2;England;Suffolk;Brantham;;E1.05;N51.96;10;
2;England;Suffolk;Bredfield;;E1.30;N52.12;10;
2;England;Suffolk;Brent Eleigh;;E0.83;N52.08;10;
2;England;Suffolk;Brett;;E0.93;N52.07;10;
2;England;Suffolk;Brettenham;;E0.86;N52.14;10;
2;England;Suffolk;Bridge Street;;E0.72;N52.10;10;
2;England;Suffolk;Brightwell;;E1.26;N52.04;10;
2;England;Suffolk;Broad Green;;E1.05;N52.18;10;
2;England;Suffolk;Broad Green;;E0.60;N52.20;10;
2;England;Suffolk;Broad Street;;E0.85;N52.05;10;
2;England;Suffolk;Broadgrass Green;;E0.86;N52.23;10;
2;England;Suffolk;Broadway;;E1.50;N52.34;10;
2;England;Suffolk;Brockford Green;;E1.10;N52.24;10;
2;England;Suffolk;Brockford Street;;E1.09;N52.25;10;
2;England;Suffolk;Brockley;;E0.68;N52.30;10;
2;England;Suffolk;Brockley Green;;E0.50;N52.09;10;
2;England;Suffolk;Brockley Green;;E0.65;N52.15;10;
2;England;Suffolk;Broke Hall;;E1.19;N52.04;10;
2;England;Suffolk;Brome;;E1.12;N52.34;10;
2;England;Suffolk;Brome Street;;E1.15;N52.34;10;
2;England;Suffolk;Bromeswell;;E1.35;N52.10;10;
2;England;Suffolk;Brook Green;;E0.71;N52.18;10;
2;England;Suffolk;Brook Street;;E0.65;N52.10;10;
2;England;Suffolk;Broom Hill;;E1.29;N52.07;10;
2;England;Suffolk;Broom's Barn;;E0.56;N52.25;10;
2;England;Suffolk;Brown Street;;E1.01;N52.22;10;
2;England;Suffolk;Browston Green;;E1.67;N52.55;10;
2;England;Suffolk;Bruisyard;;E1.39;N52.24;10;
2;England;Suffolk;Brundish;;E1.32;N52.27;10;
2;England;Suffolk;Brundish Street;;E1.31;N52.28;10;
2;England;Suffolk;Brundon;;E0.71;N52.04;10;
2;England;Suffolk;Bucklesham;;E1.26;N52.02;10;
2;England;Suffolk;Bungay;;E1.42;N52.44;10;
2;England;Suffolk;Bunker's Hill;;E1.68;N52.54;10;
2;England;Suffolk;Bures Green;;E0.78;N51.98;10;
2;England;Suffolk;Burgate;;E1.05;N52.33;10;
2;England;Suffolk;Burgh;;E1.25;N52.11;10;
2;England;Suffolk;Burstall;;E1.04;N52.05;10;
2;England;Suffolk;Burstallhill;;E1.03;N52.06;10;
2;England;Suffolk;Burthorpe;;E0.59;N52.24;10;
2;England;Suffolk;Bury St.Edmunds;;E0.70;N52.24;10;
2;England;Suffolk;Bush Green;;E0.79;N52.17;10;
2;England;Suffolk;Butley;;E1.44;N52.10;10;
2;England;Suffolk;Butley;;E1.43;N52.11;10;
2;England;Suffolk;Butley High Corner;;E1.47;N52.08;10;
2;England;Suffolk;Butley Low Corner;;E1.47;N52.08;10;
2;England;Suffolk;Button Haugh Green;;E0.91;N52.25;10;
2;England;Suffolk;Button's Green;;E0.79;N52.14;10;
2;England;Suffolk;Buxhall;;E0.90;N52.17;10;
2;England;Suffolk;Buxhall Fen Street;;E0.92;N52.19;10;
2;England;Suffolk;Calais Street;;E0.86;N52.01;10;
2;England;Suffolk;Calford Green;;E0.46;N52.07;10;
2;England;Suffolk;California;;E1.17;N52.05;10;
2;England;Suffolk;Camps Heath;;E1.69;N52.48;10;
2;England;Suffolk;Candle Street;;E0.97;N52.32;10;
2;England;Suffolk;Canham's Green;;E1.00;N52.24;10;
2;England;Suffolk;Capel Green;;E1.44;N52.08;10;
2;England;Suffolk;Capel St Andrew;;E1.45;N52.07;10;
2;England;Suffolk;Capel St Mary;;E1.04;N52.00;10;
2;England;Suffolk;Carlton;;E1.48;N52.22;10;
2;England;Suffolk;Carlton Colville;;E1.69;N52.44;10;
2;England;Suffolk;Carlton Colville;;E1.69;N52.45;10;
2;England;Suffolk;Castle Hill;;E1.13;N52.07;10;
2;England;Suffolk;Castling's Heath;;E0.87;N52.05;10;
2;England;Suffolk;Cattawade;;E1.05;N51.95;10;
2;England;Suffolk;Cavendish;;E0.62;N52.08;10;
2;England;Suffolk;Cavenham;;E0.57;N52.29;10;
2;England;Suffolk;Chantry;;E1.11;N52.04;10;
2;England;Suffolk;Charles Tye;;E0.95;N52.12;10;
2;England;Suffolk;Charsfield;;E1.28;N52.15;10;
2;England;Suffolk;Chase Cross;;E0.16;N51.60;10;
2;England;Suffolk;Chattisham;;E1.04;N52.03;10;
2;England;Suffolk;Chedburgh;;E0.61;N52.18;10;
2;England;Suffolk;Chediston;;E1.44;N52.34;10;
2;England;Suffolk;Chediston Green;;E1.44;N52.34;10;
2;England;Suffolk;Chelmondiston;;E1.20;N51.98;10;
2;England;Suffolk;Chelsworth;;E0.88;N52.08;10;
2;England;Suffolk;Chelsworth Common;;E0.88;N52.08;10;
2;England;Suffolk;Chevington;;E0.60;N52.20;10;
2;England;Suffolk;Chillesford;;E1.47;N52.11;10;
2;England;Suffolk;Chilton;;E0.75;N52.04;10;
2;England;Suffolk;Chilton Street;;E0.55;N52.08;10;
2;England;Suffolk;Chimney Street;;E0.51;N52.10;10;
2;England;Suffolk;Chippenhall Green;;E1.34;N52.32;10;
2;England;Suffolk;Church End;;E1.24;N51.97;10;
2;England;Suffolk;Clare;;E0.56;N52.07;10;
2;England;Suffolk;Clay Common;;E1.62;N52.37;10;
2;England;Suffolk;Claydon;;E1.10;N52.09;10;
2;England;Suffolk;Claypits;;E0.51;N52.40;10;
2;England;Suffolk;Clopton Corner;;E1.24;N52.13;10;
2;England;Suffolk;Clopton Green;;E0.57;N52.15;10;
2;England;Suffolk;Clopton Green;;E0.88;N52.20;10;
2;England;Suffolk;Cock & End;;E0.51;N52.14;10;
2;England;Suffolk;Cock Street;;E0.85;N51.98;10;
2;England;Suffolk;Cockfield;;E0.77;N52.15;10;
2;England;Suffolk;Cocks Green;;E0.74;N52.18;10;
2;England;Suffolk;Coddenham;;E1.11;N52.14;10;
2;England;Suffolk;Coddenham Green;;E1.08;N52.15;10;
2;England;Suffolk;Colchester Green;;E0.80;N52.16;10;
2;England;Suffolk;Coldfair Green;;E1.55;N52.19;10;
2;England;Suffolk;Coles Green;;E1.04;N52.02;10;
2;England;Suffolk;Cole's Green;;E1.33;N52.20;10;
2;England;Suffolk;Collier Row;;E0.16;N51.58;10;
2;England;Suffolk;Colton;;E0.73;N52.26;10;
2;England;Suffolk;Combs;;E0.98;N52.16;10;
2;England;Suffolk;Combs Ford;;E0.99;N52.17;10;
2;England;Suffolk;Common, The;;E1.09;N52.09;10;
2;England;Suffolk;Coney Weston;;E0.86;N52.36;10;
2;England;Suffolk;Conyer's Green;;E0.75;N52.26;10;
2;England;Suffolk;Cook's Green;;E0.87;N52.14;10;
2;England;Suffolk;Copdock;;E1.07;N52.02;10;
2;England;Suffolk;Corbets Tey;;E0.23;N51.54;10;
2;England;Suffolk;Cornard Tye;;E0.76;N52.03;10;
2;England;Suffolk;Corton;;E1.74;N52.51;10;
2;England;Suffolk;Cotton;;E1.01;N52.26;10;
2;England;Suffolk;Cove Bottom;;E1.65;N52.35;10;
2;England;Suffolk;Covehithe;;E1.70;N52.36;10;
2;England;Suffolk;Cow Green;;E1.00;N52.24;10;
2;England;Suffolk;Cowlinge;;E0.49;N52.15;10;
2;England;Suffolk;Crackthorn Corner;;E0.98;N52.36;10;
2;England;Suffolk;Cranham;;E0.26;N51.56;10;
2;England;Suffolk;Cranley;;E1.15;N52.30;10;
2;England;Suffolk;Cranmer Green;;E0.94;N52.30;10;
2;England;Suffolk;Cransford;;E1.38;N52.22;10;
2;England;Suffolk;Cratfield;;E1.38;N52.32;10;
2;England;Suffolk;Creeting Bottoms;;E1.08;N52.17;10;
2;England;Suffolk;Creeting St Mary;;E1.05;N52.16;10;
2;England;Suffolk;Cretingham;;E1.24;N52.19;10;
2;England;Suffolk;Cross Green;;E0.89;N52.13;10;
2;England;Suffolk;Cross Green;;E0.67;N52.14;10;
2;England;Suffolk;Cross Green;;E0.76;N52.16;10;
2;England;Suffolk;Cross Street;;E1.19;N52.33;10;
2;England;Suffolk;Crowfield;;E1.12;N52.17;10;
2;England;Suffolk;Crown Corner;;E1.29;N52.28;10;
2;England;Suffolk;Crownland;;E0.94;N52.29;10;
2;England;Suffolk;Cuckold's Green;;E1.64;N52.38;10;
2;England;Suffolk;Cuckoo Green;;E1.69;N52.53;10;
2;England;Suffolk;Cuckoo Tye;;E0.72;N52.06;10;
2;England;Suffolk;Culford;;E0.68;N52.29;10;
2;England;Suffolk;Culfordheath;;E0.71;N52.33;10;
2;England;Suffolk;Culpho;;E1.22;N52.09;10;
2;England;Suffolk;Curlew Green;;E1.48;N52.23;10;
2;England;Suffolk;Cut-off Channel;;E0.51;N52.39;10;
2;England;Suffolk;Dagworth;;E0.98;N52.20;10;
2;England;Suffolk;Daisy Green;;E0.92;N52.26;10;
2;England;Suffolk;Daisy Green;;E1.06;N52.27;10;
2;England;Suffolk;Dalham;;E0.51;N52.22;10;
2;England;Suffolk;Dallinghoo;;E1.30;N52.14;10;
2;England;Suffolk;Dandy Corner;;E1.03;N52.26;10;
2;England;Suffolk;Darmsden;;E1.05;N52.13;10;
2;England;Suffolk;Darsham;;E1.53;N52.26;10;
2;England;Suffolk;Deben;;E1.27;N52.19;10;
2;England;Suffolk;Debenham;;E1.17;N52.22;10;
2;England;Suffolk;Denham;;E0.56;N52.21;10;
2;England;Suffolk;Denham;;E1.21;N52.32;10;
2;England;Suffolk;Denham Corner;;E1.21;N52.30;10;
2;England;Suffolk;Denham End;;E0.57;N52.22;10;
2;England;Suffolk;Dennington;;E1.33;N52.25;10;
2;England;Suffolk;Dennington Corner;;E1.33;N52.23;10;
2;England;Suffolk;Dennington Hall;;E1.35;N52.26;10;
2;England;Suffolk;Denston;;E0.57;N52.13;10;
2;England;Suffolk;Depden;;E0.58;N52.18;10;
2;England;Suffolk;Depden Green;;E0.58;N52.18;10;
2;England;Suffolk;Ditchingham;;E1.42;N52.46;10;
2;England;Suffolk;Dorking Tye;;E0.78;N51.98;10;
2;England;Suffolk;Dorley's Corner;;E1.48;N52.23;10;
2;England;Suffolk;Drakestone Green;;E0.90;N52.06;10;
2;England;Suffolk;Drinkstone;;E0.85;N52.21;10;
2;England;Suffolk;Drinkstone Green;;E0.86;N52.20;10;
2;England;Suffolk;Dublin;;E1.16;N52.27;10;
2;England;Suffolk;Duck Corner;;E1.42;N52.05;10;
2;England;Suffolk;Dunstall Green;;E0.54;N52.21;10;
2;England;Suffolk;Dunwich;;E1.61;N52.27;10;
2;England;Suffolk;Dunwich River;;E1.66;N52.31;10;
2;England;Suffolk;Earl Soham;;E1.26;N52.22;10;
2;England;Suffolk;Earl Stoneham;;E1.08;N52.18;10;
2;England;Suffolk;Earl's Green;;E0.97;N52.25;10;
2;England;Suffolk;Earsham Street;;E1.27;N52.35;10;
2;England;Suffolk;East Barton;;E0.78;N52.25;10;
2;England;Suffolk;East Bergholt;;E1.01;N51.97;10;
2;England;Suffolk;East End;;E1.05;N51.96;10;
2;England;Suffolk;East End;;E1.14;N52.18;10;
2;England;Suffolk;East Green;;E0.45;N52.15;10;
2;England;Suffolk;East Green;;E1.51;N52.23;10;
2;England;Suffolk;Eastbridge;;E1.58;N52.23;10;
2;England;Suffolk;Easton;;E1.33;N52.17;10;
2;England;Suffolk;Edwardstone;;E0.82;N52.04;10;
2;England;Suffolk;Ellough;;E1.58;N52.41;10;
2;England;Suffolk;Elm Park;;E0.19;N51.54;10;
2;England;Suffolk;Elmsett;;E0.99;N52.07;10;
2;England;Suffolk;Elmswell;;E0.89;N52.22;10;
2;England;Suffolk;Elveden;;E0.67;N52.38;10;
2;England;Suffolk;Emerson Park;;E0.22;N51.57;10;
2;England;Suffolk;Eriswell;;E0.52;N52.37;10;
2;England;Suffolk;Erwarton;;E1.21;N51.96;10;
2;England;Suffolk;Euston;;E0.77;N52.37;10;
2;England;Suffolk;Exning;;E0.35;N52.25;10;
2;England;Suffolk;Eye;;E1.13;N52.31;10;
2;England;Suffolk;Eyke;;E1.37;N52.10;10;
2;England;Suffolk;Fakenham Magna;;E0.78;N52.34;10;
2;England;Suffolk;Falkenham;;E1.33;N52.00;10;
2;England;Suffolk;Falkenham Sink;;E1.33;N52.00;10;
2;England;Suffolk;Farley Green;;E0.52;N52.14;10;
2;England;Suffolk;Farnham;;E1.45;N52.18;10;
2;England;Suffolk;Felixstowe;;E1.34;N51.95;10;
2;England;Suffolk;Felixstowe Ferry;;E1.37;N51.98;10;
2;England;Suffolk;Felsham;;E0.83;N52.17;10;
2;England;Suffolk;Fen Street;;E0.90;N52.37;10;
2;England;Suffolk;Fen Street;;E1.01;N52.37;10;
2;England;Suffolk;Fenstead End;;E0.62;N52.11;10;
2;England;Suffolk;Fern Hill;;E0.65;N52.10;10;
2;England;Suffolk;Fingal Street;;E1.23;N52.27;10;
2;England;Suffolk;Finningham;;E1.01;N52.28;10;
2;England;Suffolk;Flempton;;E0.65;N52.28;10;
2;England;Suffolk;Flixton;;E1.39;N52.42;10;
2;England;Suffolk;Flowton;;E1.03;N52.07;10;
2;England;Suffolk;Foals Green;;E1.29;N52.29;10;
2;England;Suffolk;Ford's Green;;E1.01;N52.25;10;
2;England;Suffolk;Fornham All Saints;;E0.68;N52.27;10;
2;England;Suffolk;Fornham St Genevieve;;E0.69;N52.27;10;
2;England;Suffolk;Fornham St Martin;;E0.71;N52.27;10;
2;England;Suffolk;Forward Green;;E1.05;N52.18;10;
2;England;Suffolk;Four Ashes;;E0.93;N52.29;10;
2;England;Suffolk;Framlingham;;E1.33;N52.21;10;
2;England;Suffolk;Framsden;;E1.21;N52.18;10;
2;England;Suffolk;Freckenham;;E0.43;N52.32;10;
2;England;Suffolk;Fressingfield;;E1.31;N52.34;10;
2;England;Suffolk;Freston;;E1.14;N52.00;10;
2;England;Suffolk;Friday Street;;E1.40;N52.10;10;
2;England;Suffolk;Friday Street;;E1.46;N52.18;10;
2;England;Suffolk;Friston;;E1.52;N52.18;10;
2;England;Suffolk;Frizzeler's Green;;E0.60;N52.22;10;
2;England;Suffolk;Frostenden;;E1.64;N52.37;10;
2;England;Suffolk;Frostenden Corner;;E1.64;N52.36;10;
2;England;Suffolk;Gainsborough;;E1.17;N52.02;10;
2;England;Suffolk;Gallows Corner;;E0.20;N51.58;10;
2;England;Suffolk;Gasthorpe;;E0.89;N52.38;10;
2;England;Suffolk;Gazeley;;E0.50;N52.24;10;
2;England;Suffolk;Gedding;;E0.83;N52.17;10;
2;England;Suffolk;Gedgrave Hall;;E1.50;N52.07;10;
2;England;Suffolk;Genesis Green;;E0.54;N52.18;10;
2;England;Suffolk;Gidea Park;;E0.19;N51.58;10;
2;England;Suffolk;Gipping;;E1.02;N52.17;10;
2;England;Suffolk;Gipping;;E1.02;N52.22;10;
2;England;Suffolk;Gipsy Row;;E1.01;N52.00;10;
2;England;Suffolk;Gisleham;;E1.69;N52.43;10;
2;England;Suffolk;Gislingham;;E1.03;N52.29;10;
2;England;Suffolk;Glem;;E0.72;N52.08;10;
2;England;Suffolk;Glemsford;;E0.65;N52.10;10;
2;England;Suffolk;Goddard's Corner;;E1.34;N52.26;10;
2;England;Suffolk;Gosbeck;;E1.14;N52.15;10;
2;England;Suffolk;Gosland Green;;E0.56;N52.12;10;
2;England;Suffolk;Gosling Green;;E0.87;N52.04;10;
2;England;Suffolk;Great Ashfield;;E0.91;N52.26;10;
2;England;Suffolk;Great Barton;;E0.75;N52.26;10;
2;England;Suffolk;Great Bealings;;E1.25;N52.08;10;
2;England;Suffolk;Great Blakenham;;E1.09;N52.10;10;
2;England;Suffolk;Great Bradley;;E0.42;N52.15;10;
2;England;Suffolk;Great Bricett;;E0.96;N52.11;10;
2;England;Suffolk;Great Common;;E1.48;N52.42;10;
2;England;Suffolk;Great Finborough;;E0.93;N52.17;10;
2;England;Suffolk;Great Glemham;;E1.40;N52.19;10;
2;England;Suffolk;Great Green;;E0.79;N52.16;10;
2;England;Suffolk;Great Green;;E1.03;N52.34;10;
2;England;Suffolk;Great Green;;E1.11;N52.35;10;
2;England;Suffolk;Great Livermere;;E0.75;N52.30;10;
2;England;Suffolk;Great Saxham;;E0.60;N52.22;10;
2;England;Suffolk;Great Thurlow;;E0.43;N52.12;10;
2;England;Suffolk;Great Waldingfield;;E0.76;N52.05;10;
2;England;Suffolk;Great Welnetham;;E0.73;N52.19;10;
2;England;Suffolk;Great Wenham;;E1.01;N52.00;10;
2;England;Suffolk;Great Wratting;;E0.45;N52.10;10;
2;England;Suffolk;Greenstreet Green;;E0.97;N52.10;10;
2;England;Suffolk;Greenwich;;E1.16;N52.03;10;
2;England;Suffolk;Grimstone End;;E0.82;N52.28;10;
2;England;Suffolk;Grinstead Hill;;E1.05;N52.14;10;
2;England;Suffolk;Gromford;;E1.47;N52.16;10;
2;England;Suffolk;Groton;;E0.84;N52.03;10;
2;England;Suffolk;Grundisburgh;;E1.24;N52.10;10;
2;England;Suffolk;Gulling Green;;E0.66;N52.17;10;
2;England;Suffolk;Gunton;;E1.74;N52.49;10;
2;England;Suffolk;Hacheston;;E1.36;N52.18;10;
2;England;Suffolk;Hacton;;E0.21;N51.53;10;
2;England;Suffolk;Hadleigh;;E0.94;N52.03;10;
2;England;Suffolk;Hadleigh Heath;;E0.89;N52.03;10;
2;England;Suffolk;Hagmore Green;;E0.84;N52.01;10;
2;England;Suffolk;Halesworth;;E1.49;N52.33;10;
2;England;Suffolk;Hanchet End;;E0.40;N52.08;10;
2;England;Suffolk;Hanningfields Green;;E0.73;N52.15;10;
2;England;Suffolk;Hargrave;;E0.58;N52.20;10;
2;England;Suffolk;Harkstead;;E1.17;N51.96;10;
2;England;Suffolk;Harleston;;E0.94;N52.20;10;
2;England;Suffolk;Harold Hill;;E0.22;N51.60;10;
2;England;Suffolk;Harold Park;;E0.23;N51.59;10;
2;England;Suffolk;Harold Wood;;E0.22;N51.58;10;
2;England;Suffolk;Harrow Green;;E0.70;N52.15;10;
2;England;Suffolk;Hartest;;E0.67;N52.13;10;
2;England;Suffolk;Hartest Hill;;E0.67;N52.13;10;
2;England;Suffolk;Hart's Green;;E0.73;N52.16;10;
2;England;Suffolk;Hasketon;;E1.26;N52.10;10;
2;England;Suffolk;Haughley;;E0.95;N52.21;10;
2;England;Suffolk;Haughley Green;;E0.95;N52.23;10;
2;England;Suffolk;Haughley New Street;;E0.94;N52.21;10;
2;England;Suffolk;Haverhill;;E0.42;N52.07;10;
2;England;Suffolk;Havering-atte-Bower;;E0.17;N51.61;10;
2;England;Suffolk;Hawkedon;;E0.61;N52.13;10;
2;England;Suffolk;Hawstead;;E0.70;N52.19;10;
2;England;Suffolk;Hawstead Green;;E0.71;N52.18;10;
2;England;Suffolk;Heath Park;;E0.19;N51.57;10;
2;England;Suffolk;Heckfield Green;;E1.19;N52.33;10;
2;England;Suffolk;Helmingham;;E1.18;N52.16;10;
2;England;Suffolk;Hemingstone;;E1.14;N52.13;10;
2;England;Suffolk;Hemley;;E1.32;N52.02;10;
2;England;Suffolk;Hemp Green;;E1.47;N52.26;10;
2;England;Suffolk;Hengrave;;E0.66;N52.28;10;
2;England;Suffolk;Henley;;E1.13;N52.11;10;
2;England;Suffolk;Henstead;;E1.65;N52.40;10;
2;England;Suffolk;Hepworth;;E0.90;N52.32;10;
2;England;Suffolk;Herringfleet;;E1.65;N52.51;10;
2;England;Suffolk;Herringswell;;E0.50;N52.29;10;
2;England;Suffolk;Hessett;;E0.82;N52.21;10;
2;England;Suffolk;Heveningham;;E1.41;N52.29;10;
2;England;Suffolk;Hibb's Green;;E0.73;N52.14;10;
2;England;Suffolk;High Green;;E0.70;N52.20;10;
2;England;Suffolk;High Rougham;;E0.80;N52.22;10;
2;England;Suffolk;High Street;;E1.55;N52.14;10;
2;England;Suffolk;High Street;;E1.53;N52.27;10;
2;England;Suffolk;High Street;;E1.46;N52.40;10;
2;England;Suffolk;High Street Green;;E0.92;N52.15;10;
2;England;Suffolk;Higham;;E0.95;N51.97;10;
2;England;Suffolk;Higham;;E0.54;N52.25;10;
2;England;Suffolk;Hightown Green;;E0.87;N52.16;10;
2;England;Suffolk;Hinderclay;;E0.96;N52.34;10;
2;England;Suffolk;Hintlesham;;E1.03;N52.04;10;
2;England;Suffolk;Hitcham;;E0.89;N52.12;10;
2;England;Suffolk;Hobbles Green;;E0.48;N52.14;10;
2;England;Suffolk;Hoggard's Green;;E0.74;N52.17;10;
2;England;Suffolk;Holbrook;;E1.14;N51.98;10;
2;England;Suffolk;Hollesley;;E1.42;N52.04;10;
2;England;Suffolk;Hollybush Corner;;E0.79;N52.19;10;
2;England;Suffolk;Holton;;E1.52;N52.33;10;
2;England;Suffolk;Holton St Mary;;E0.98;N51.98;10;
2;England;Suffolk;Holywell Row;;E0.49;N52.36;10;
2;England;Suffolk;Honey Tye;;E0.83;N51.97;10;
2;England;Suffolk;Honington;;E0.80;N52.33;10;
2;England;Suffolk;Hopton;;E0.92;N52.37;10;
2;England;Suffolk;Horham;;E1.24;N52.30;10;
2;England;Suffolk;Hornchurch;;E0.20;N51.55;10;
2;England;Suffolk;Horner's Green;;E0.85;N52.03;10;
2;England;Suffolk;Horringer;;E0.66;N52.21;10;
2;England;Suffolk;Hoxne;;E1.19;N52.34;10;
2;England;Suffolk;Hulver Street;;E1.63;N52.41;10;
2;England;Suffolk;Humble Green;;E0.81;N52.07;10;
2;England;Suffolk;Hundon;;E0.52;N52.10;10;
2;England;Suffolk;Hunston;;E0.88;N52.27;10;
2;England;Suffolk;Hunston Green;;E0.89;N52.25;10;
2;England;Suffolk;Huntingfield;;E1.41;N52.31;10;
2;England;Suffolk;Icklingham;;E0.59;N52.31;10;
2;England;Suffolk;Iken;;E1.52;N52.14;10;
2;England;Suffolk;Ilketshall St Andrew;;E1.49;N52.42;10;
2;England;Suffolk;Ilketshall St Lawrence;;E1.49;N52.39;10;
2;England;Suffolk;Ilketshall St Margaret;;E1.45;N52.41;10;
2;England;Suffolk;Ingham;;E0.71;N52.29;10;
2;England;Suffolk;Ipswich;;E1.14;N52.05;10;
2;England;Suffolk;Ixworth;;E0.81;N52.29;10;
2;England;Suffolk;Ixworth Thorpe;;E0.80;N52.31;10;
2;England;Suffolk;Kedington;;E0.48;N52.08;10;
2;England;Suffolk;Kelsale;;E1.48;N52.23;10;
2;England;Suffolk;Kennet End;;E0.49;N52.26;10;
2;England;Suffolk;Kennett;;E0.48;N52.25;10;
2;England;Suffolk;Kenny Hill;;E0.43;N52.38;10;
2;England;Suffolk;Kentford;;E0.49;N52.26;10;
2;England;Suffolk;Kenton;;E1.20;N52.23;10;
2;England;Suffolk;Kenton Corner;;E1.22;N52.23;10;
2;England;Suffolk;Kersey;;E0.91;N52.05;10;
2;England;Suffolk;Kersey Tye;;E0.88;N52.05;10;
2;England;Suffolk;Kersey Upland;;E0.90;N52.04;10;
2;England;Suffolk;Kesgrave;;E1.22;N52.05;10;
2;England;Suffolk;Kessingland;;E1.70;N52.41;10;
2;England;Suffolk;Kessingland Beach;;E1.71;N52.40;10;
2;England;Suffolk;Kettlebaston;;E0.86;N52.11;10;
2;England;Suffolk;Kettleburgh;;E1.30;N52.19;10;
2;England;Suffolk;Kingshall Green;;E0.79;N52.20;10;
2;England;Suffolk;Kingshall Street;;E0.79;N52.21;10;
2;England;Suffolk;Kingston;;E1.29;N52.07;10;
2;England;Suffolk;Kirkley;;E1.72;N52.45;10;
2;England;Suffolk;Kirtling Green;;E0.45;N52.16;10;
2;England;Suffolk;Kirton;;E1.30;N52.00;10;
2;England;Suffolk;Knaves Green;;E1.10;N52.24;10;
2;England;Suffolk;Knettishall;;E0.89;N52.38;10;
2;England;Suffolk;Knodishall;;E1.53;N52.19;10;
2;England;Suffolk;Lackford;;E0.60;N52.29;10;
2;England;Suffolk;Lady's Green;;E0.55;N52.20;10;
2;England;Suffolk;Lakenheath;;E0.51;N52.40;10;
2;England;Suffolk;Lambfair Green;;E0.49;N52.14;10;
2;England;Suffolk;Landwade;;E0.37;N52.28;10;
2;England;Suffolk;Langham;;E0.88;N52.28;10;
2;England;Suffolk;Langton Green;;E1.13;N52.32;10;
2;England;Suffolk;Lark;;E0.46;N52.34;10;
2;England;Suffolk;Larks' Hill;;E1.19;N52.09;10;
2;England;Suffolk;Lattinford Hill;;E1.01;N51.98;10;
2;England;Suffolk;Lavenham;;E0.78;N52.10;10;
2;England;Suffolk;Lawshall;;E0.71;N52.15;10;
2;England;Suffolk;Lawshall Green;;E0.73;N52.14;10;
2;England;Suffolk;Laxfield;;E1.35;N52.29;10;
2;England;Suffolk;Leavenheath;;E0.83;N51.98;10;
2;England;Suffolk;Leiston;;E1.56;N52.20;10;
2;England;Suffolk;Letheringham;;E1.31;N52.16;10;
2;England;Suffolk;Levington;;E1.24;N52.00;10;
2;England;Suffolk;Lidgate;;E0.51;N52.18;10;
2;England;Suffolk;Lindsey;;E0.87;N52.05;10;
2;England;Suffolk;Lindsey Tye;;E0.88;N52.06;10;
2;England;Suffolk;Little Bealings;;E1.25;N52.07;10;
2;England;Suffolk;Little Blakenham;;E1.06;N52.09;10;
2;England;Suffolk;Little Bradley;;E0.45;N52.14;10;
2;England;Suffolk;Little Cornard;;E0.76;N52.01;10;
2;England;Suffolk;Little Finborough;;E0.95;N52.14;10;
2;England;Suffolk;Little Glemham;;E1.42;N52.17;10;
2;England;Suffolk;Little Green;;E1.02;N52.29;10;
2;England;Suffolk;Little Green;;E1.03;N52.32;10;
2;England;Suffolk;Little Knowles Green;;E0.58;N52.19;10;
2;England;Suffolk;Little London;;E0.98;N52.15;10;
2;England;Suffolk;Little Ouse;;E1.01;N52.38;10;
2;England;Suffolk;Little Saxham;;E0.62;N52.23;10;
2;England;Suffolk;Little Stonham;;E1.08;N52.18;10;
2;England;Suffolk;Little Thurlow;;E0.43;N52.13;10;
2;England;Suffolk;Little Thurlow Green;;E0.45;N52.13;10;
2;England;Suffolk;Little Waldingfield;;E0.80;N52.07;10;
2;England;Suffolk;Little Welnetham;;E0.76;N52.20;10;
2;England;Suffolk;Little Wenham;;E1.02;N52.01;10;
2;England;Suffolk;Little Whittingham Green;;E1.34;N52.33;10;
2;England;Suffolk;Little Wratting;;E0.45;N52.09;10;
2;England;Suffolk;Long Green;;E1.03;N52.35;10;
2;England;Suffolk;Long Melford;;E0.71;N52.07;10;
2;England;Suffolk;Long Thurlow;;E0.94;N52.27;10;
2;England;Suffolk;Lound;;E1.68;N52.52;10;
2;England;Suffolk;Low Green;;E0.72;N52.20;10;
2;England;Suffolk;Lower Falkenham;;E1.33;N51.99;10;
2;England;Suffolk;Lower Green;;E0.54;N52.25;10;
2;England;Suffolk;Lower Hacheston;;E1.37;N52.15;10;
2;England;Suffolk;Lower Holbrook;;E1.15;N51.97;10;
2;England;Suffolk;Lower Layham;;E0.95;N52.02;10;
2;England;Suffolk;Lower Raydon;;E0.95;N52.00;10;
2;England;Suffolk;Lower Street;;E1.12;N51.96;10;
2;England;Suffolk;Lower Street;;E0.59;N52.13;10;
2;England;Suffolk;Lowestoft;;E1.73;N52.46;10;
2;England;Suffolk;Mace Green;;E1.06;N52.02;10;
2;England;Suffolk;Magpie Green;;E1.03;N52.36;10;
2;England;Suffolk;Maidenhall;;E1.13;N52.03;10;
2;England;Suffolk;Maidensgrave;;E1.29;N52.08;10;
2;England;Suffolk;Malting End;;E0.54;N52.15;10;
2;England;Suffolk;Market Weston;;E0.90;N52.35;10;
2;England;Suffolk;Marlesford;;E1.39;N52.17;10;
2;England;Suffolk;Martlesham;;E1.28;N52.07;10;
2;England;Suffolk;Martlesham Heath;;E1.26;N52.05;10;
2;England;Suffolk;Maypole Green;;E0.79;N52.19;10;
2;England;Suffolk;Maypole Green;;E1.33;N52.25;10;
2;England;Suffolk;Meeting Green;;E0.54;N52.16;10;
2;England;Suffolk;Mellis;;E1.06;N52.32;10;
2;England;Suffolk;Mellis Green;;E1.06;N52.32;10;
2;England;Suffolk;Mells;;E1.52;N52.32;10;
2;England;Suffolk;Melon Green;;E0.69;N52.18;10;
2;England;Suffolk;Melton;;E1.32;N52.10;10;
2;England;Suffolk;Mendham;;E1.33;N52.38;10;
2;England;Suffolk;Mendlesham;;E1.07;N52.24;10;
2;England;Suffolk;Mendlesham Green;;E1.05;N52.22;10;
2;England;Suffolk;Metfield;;E1.36;N52.37;10;
2;England;Suffolk;Methersgate;;E1.32;N52.06;10;
2;England;Suffolk;Mettingham;;E1.47;N52.44;10;
2;England;Suffolk;Mickfield;;E1.11;N52.20;10;
2;England;Suffolk;Mickley Green;;E0.69;N52.18;10;
2;England;Suffolk;Middle Green;;E0.54;N52.25;10;
2;England;Suffolk;Middleton;;E1.55;N52.24;10;
2;England;Suffolk;Middleton Moor;;E1.52;N52.24;10;
2;England;Suffolk;Middlewood Green;;E1.05;N52.20;10;
2;England;Suffolk;Milden;;E0.84;N52.07;10;
2;England;Suffolk;Mildenhall;;E0.50;N52.34;10;
2;England;Suffolk;Mile End;;E0.65;N52.13;10;
2;England;Suffolk;Mill Green;;E0.84;N52.04;10;
2;England;Suffolk;Mill Green;;E0.90;N52.17;10;
2;England;Suffolk;Mill Green;;E1.11;N52.19;10;
2;England;Suffolk;Mill Hill;;E0.70;N52.12;10;
2;England;Suffolk;Mill Hills;;E1.31;N52.09;10;
2;England;Suffolk;Mill Street;;E0.88;N51.99;10;
2;England;Suffolk;Moats Tye;;E0.98;N52.15;10;
2;England;Suffolk;Monewden;;E1.26;N52.17;10;
2;England;Suffolk;Monk Soham;;E1.23;N52.23;10;
2;England;Suffolk;Monks Eleigh;;E0.85;N52.08;10;
2;England;Suffolk;Moulton;;E0.47;N52.24;10;
2;England;Suffolk;Mount Pleasant;;E0.52;N52.09;10;
2;England;Suffolk;Mutford;;E1.64;N52.43;10;
2;England;Suffolk;Nacton;;E1.21;N52.01;10;
2;England;Suffolk;Naughton;;E0.94;N52.09;10;
2;England;Suffolk;Nayland;;E0.86;N51.96;10;
2;England;Suffolk;Nedging;;E0.90;N52.09;10;
2;England;Suffolk;Nedging Tye;;E0.93;N52.10;10;
2;England;Suffolk;Needham Market;;E1.03;N52.15;10;
2;England;Suffolk;Needham Street;;E0.51;N52.25;10;
2;England;Suffolk;Nether St;;E0.80;N52.21;10;
2;England;Suffolk;Nettlestead;;E1.03;N52.10;10;
2;England;Suffolk;Newbourne;;E1.30;N52.03;10;
2;England;Suffolk;Newman's Green;;E0.74;N52.05;10;
2;England;Suffolk;Newmarket;;E0.40;N52.24;10;
2;England;Suffolk;Newton;;E0.78;N52.02;10;
2;England;Suffolk;Noak Hill;;E0.22;N51.61;10;
2;England;Suffolk;Normanston;;E1.72;N52.47;10;
2;England;Suffolk;North Common;;E0.89;N52.33;10;
2;England;Suffolk;North Cove;;E1.61;N52.44;10;
2;England;Suffolk;North Green;;E1.37;N52.20;10;
2;England;Suffolk;North Green;;E1.49;N52.24;10;
2;England;Suffolk;North Green;;E1.37;N52.33;10;
2;England;Suffolk;North Ockendon;;E0.29;N51.54;10;
2;England;Suffolk;Norton;;E0.85;N52.24;10;
2;England;Suffolk;Norton Little Green;;E0.88;N52.25;10;
2;England;Suffolk;Nowton;;E0.72;N52.20;10;
2;England;Suffolk;Oak Hill;;E1.44;N52.05;10;
2;England;Suffolk;Oakley;;E1.17;N52.34;10;
2;England;Suffolk;Oakley Park;;E1.18;N52.34;10;
2;England;Suffolk;Occold;;E1.15;N52.28;10;
2;England;Suffolk;Offton;;E1.00;N52.10;10;
2;England;Suffolk;Old Felixstowe;;E1.36;N51.96;10;
2;England;Suffolk;Old Newton;;E0.99;N52.21;10;
2;England;Suffolk;Oldhall Green;;E0.76;N52.17;10;
2;England;Suffolk;Onehouse;;E0.95;N52.19;10;
2;England;Suffolk;Orford;;E1.53;N52.08;10;
2;England;Suffolk;Orford;;E1.53;N52.09;10;
2;England;Suffolk;Orford Ness;;E1.57;N52.09;10;
2;England;Suffolk;Otley;;E1.21;N52.14;10;
2;England;Suffolk;Oulton;;E1.71;N52.48;10;
2;England;Suffolk;Oulton Broad;;E1.69;N52.46;10;
2;England;Suffolk;Ousden;;E0.54;N52.20;10;
2;England;Suffolk;Page's Green;;E1.13;N52.24;10;
2;England;Suffolk;Pakefield;;E1.70;N52.44;10;
2;England;Suffolk;Pakefield;;E1.72;N52.44;10;
2;England;Suffolk;Pakenham;;E0.81;N52.26;10;
2;England;Suffolk;Palgrave;;E1.09;N52.35;10;
2;England;Suffolk;Parham;;E1.36;N52.19;10;
2;England;Suffolk;Park Gate;;E0.54;N52.17;10;
2;England;Suffolk;Parliament Heath;;E0.85;N52.05;10;
2;England;Suffolk;Peasenhall;;E1.44;N52.26;10;
2;England;Suffolk;Pettaugh;;E1.15;N52.18;10;
2;England;Suffolk;Pettistree;;E1.34;N52.13;10;
2;England;Suffolk;Pinford End;;E0.69;N52.19;10;
2;England;Suffolk;Pitcher's Green;;E0.79;N52.18;10;
2;England;Suffolk;Playford;;E1.22;N52.07;10;
2;England;Suffolk;Polstead;;E0.89;N52.00;10;
2;England;Suffolk;Polstead Heath;;E0.89;N52.02;10;
2;England;Suffolk;Poslingford;;E0.56;N52.10;10;
2;England;Suffolk;Potash;;E1.07;N51.99;10;
2;England;Suffolk;Pound Green;;E0.49;N52.14;10;
2;England;Suffolk;Poystreet Green;;E0.89;N52.18;10;
2;England;Suffolk;Preston St Mary;;E0.83;N52.11;10;
2;England;Suffolk;Priory Green;;E0.81;N52.05;10;
2;England;Suffolk;Priory Heath;;E1.19;N52.03;10;
2;England;Suffolk;Racecourse;;E1.17;N52.03;10;
2;England;Suffolk;Rainham;;E0.18;N51.51;10;
2;England;Suffolk;Ramsholt;;E1.36;N52.01;10;
2;England;Suffolk;Rattlesden;;E0.88;N52.19;10;
2;England;Suffolk;Raydon;;E0.98;N52.00;10;
2;England;Suffolk;Rede;;E0.63;N52.16;10;
2;England;Suffolk;Redgrave;;E0.99;N52.35;10;
2;England;Suffolk;Redisham;;E1.52;N52.40;10;
2;England;Suffolk;Redlingfield;;E1.19;N52.28;10;
2;England;Suffolk;Rendham;;E1.43;N52.22;10;
2;England;Suffolk;Rendlesham;;E1.38;N52.12;10;
2;England;Suffolk;Reydon;;E1.65;N52.34;10;
2;England;Suffolk;Reydon Smear;;E1.65;N52.34;10;
2;England;Suffolk;Rickinghall;;E0.99;N52.33;10;
2;England;Suffolk;Ringsfield;;E1.52;N52.43;10;
2;England;Suffolk;Ringsfield Corner;;E1.52;N52.42;10;
2;England;Suffolk;Ringshall;;E0.97;N52.12;10;
2;England;Suffolk;Ringshall Stocks;;E0.99;N52.11;10;
2;England;Suffolk;Risby;;E0.62;N52.26;10;
2;England;Suffolk;Rise Park;;E0.17;N51.59;10;
2;England;Suffolk;Rishangles;;E1.16;N52.26;10;
2;England;Suffolk;Roman Hill;;E1.73;N52.47;10;
2;England;Suffolk;Romford;;E0.19;N51.57;10;
2;England;Suffolk;Rooksey Green;;E0.80;N52.12;10;
2;England;Suffolk;Rose Green;;E0.81;N51.99;10;
2;England;Suffolk;Rose Green;;E0.87;N52.05;10;
2;England;Suffolk;Rose Hill;;E1.17;N52.04;10;
2;England;Suffolk;Rougham;;E0.79;N52.21;10;
2;England;Suffolk;Rougham Green;;E0.78;N52.21;10;
2;England;Suffolk;Round Maple;;E0.84;N52.05;10;
2;England;Suffolk;Rumburgh;;E1.43;N52.37;10;
2;England;Suffolk;Rush Green;;E0.16;N51.56;10;
2;England;Suffolk;Rushbrooke;;E0.76;N52.21;10;
2;England;Suffolk;Rushford;;E0.82;N52.39;10;
2;England;Suffolk;Rushmere;;E1.66;N52.42;10;
2;England;Suffolk;Rushmere St Andrew;;E1.19;N52.06;10;
2;England;Suffolk;Rushmere Street;;E1.20;N52.06;10;
2;England;Suffolk;Russel's Green;;E1.29;N52.30;10;
2;England;Suffolk;Sackers Green;;E0.76;N52.01;10;
2;England;Suffolk;Santon Downham;;E0.66;N52.45;10;
2;England;Suffolk;Sapiston;;E0.80;N52.34;10;
2;England;Suffolk;Saxham Street;;E1.04;N52.20;10;
2;England;Suffolk;Saxmundham;;E1.48;N52.21;10;
2;England;Suffolk;Saxtead;;E1.30;N52.23;10;
2;England;Suffolk;Saxtead Green;;E1.29;N52.22;10;
2;England;Suffolk;Saxtead Little Green;;E1.29;N52.23;10;
2;England;Suffolk;Scotland Street;;E0.89;N51.98;10;
2;England;Suffolk;Semer;;E0.90;N52.07;10;
2;England;Suffolk;Shadingfield;;E1.57;N52.40;10;
2;England;Suffolk;Shelland;;E0.92;N52.20;10;
2;England;Suffolk;Shelley;;E0.95;N52.00;10;
2;England;Suffolk;Sherbourne Street;;E0.84;N52.03;10;
2;England;Suffolk;Shimpling;;E0.71;N52.12;10;
2;England;Suffolk;Shimpling Street;;E0.73;N52.13;10;
2;England;Suffolk;Shingle Street;;E1.43;N52.02;10;
2;England;Suffolk;Shipmeadow;;E1.50;N52.44;10;
2;England;Suffolk;Shipmeadow;;E1.50;N52.45;10;
2;England;Suffolk;Shop Corner;;E1.20;N51.96;10;
2;England;Suffolk;Shotley;;E1.24;N51.96;10;
2;England;Suffolk;Shotley Gate;;E1.25;N51.95;10;
2;England;Suffolk;Shottisham;;E1.36;N52.04;10;
2;England;Suffolk;Sibton;;E1.45;N52.26;10;
2;England;Suffolk;Sicklesmere;;E0.73;N52.20;10;
2;England;Suffolk;Sizewell;;E1.61;N52.19;10;
2;England;Suffolk;Slough Hill;;E0.71;N52.13;10;
2;England;Suffolk;Smallwood Green;;E0.82;N52.19;10;
2;England;Suffolk;Smallworth;;E0.93;N52.38;10;
2;England;Suffolk;Smithwood Green;;E0.77;N52.13;10;
2;England;Suffolk;Snape;;E1.49;N52.17;10;
2;England;Suffolk;Somerleyton;;E1.65;N52.51;10;
2;England;Suffolk;Somersham;;E1.03;N52.09;10;
2;England;Suffolk;Somerton;;E0.64;N52.14;10;
2;England;Suffolk;Sotterley;;E1.60;N52.39;10;
2;England;Suffolk;South Cove;;E1.65;N52.36;10;
2;England;Suffolk;South Green;;E1.18;N52.33;10;
2;England;Suffolk;South Hornchurch;;E0.17;N51.52;10;
2;England;Suffolk;Southolt;;E1.20;N52.26;10;
2;England;Suffolk;Southwold;;E1.66;N52.32;10;
2;England;Suffolk;Sowley Green;;E0.48;N52.12;10;
2;England;Suffolk;Spexhall;;E1.48;N52.36;10;
2;England;Suffolk;Sproughton;;E1.09;N52.05;10;
2;England;Suffolk;St Cross South Elmham;;E1.36;N52.40;10;
2;England;Suffolk;St James South Elmham;;E1.40;N52.37;10;
2;England;Suffolk;St Margaret South Elmham;;E1.39;N52.39;10;
2;England;Suffolk;St Michael South Elmham;;E1.43;N52.39;10;
2;England;Suffolk;St Nicholas South Elmham;;E1.40;N52.38;10;
2;England;Suffolk;St Peter South Elmham;;E1.42;N52.40;10;
2;England;Suffolk;St Vincent's Hamlet;;E0.23;N51.62;10;
2;England;Suffolk;Stackyard Green;;E0.85;N52.06;10;
2;England;Suffolk;Stanningfield;;E0.74;N52.17;10;
2;England;Suffolk;Stansfield;;E0.59;N52.13;10;
2;England;Suffolk;Stanstead;;E0.68;N52.10;10;
2;England;Suffolk;Stanton;;E0.87;N52.32;10;
2;England;Suffolk;Stanton Chare;;E0.86;N52.32;10;
2;England;Suffolk;Stanton Street;;E0.85;N52.25;10;
2;England;Suffolk;Stanway Green;;E1.28;N52.28;10;
2;England;Suffolk;Statford St Andrew;;E1.43;N52.18;10;
2;England;Suffolk;Sternfield;;E1.49;N52.19;10;
2;England;Suffolk;Stock Hill;;E0.88;N52.28;10;
2;England;Suffolk;Stoke;;E1.14;N52.04;10;
2;England;Suffolk;Stoke Ash;;E1.09;N52.28;10;
2;England;Suffolk;Stoke Park;;E1.13;N52.03;10;
2;England;Suffolk;Stoke-by-Nayland;;E0.88;N51.98;10;
2;England;Suffolk;Stone Street;;E0.85;N52.01;10;
2;England;Suffolk;Stone Street;;E1.49;N52.38;10;
2;England;Suffolk;Stonham Aspal;;E1.11;N52.18;10;
2;England;Suffolk;Stour;;E0.77;N51.98;10;
2;England;Suffolk;Stoven;;E1.58;N52.37;10;
2;England;Suffolk;Stowlangtoft;;E0.85;N52.27;10;
2;England;Suffolk;Stowmarket;;E0.99;N52.18;10;
2;England;Suffolk;Stowupland;;E1.01;N52.20;10;
2;England;Suffolk;Stradbroke;;E1.27;N52.31;10;
2;England;Suffolk;Stradishall;;E0.54;N52.13;10;
2;England;Suffolk;Stubbing's Green;;E1.02;N52.32;10;
2;England;Suffolk;Stuston;;E1.12;N52.34;10;
2;England;Suffolk;Stutton;;E1.12;N51.96;10;
2;England;Suffolk;Sudbourne;;E1.51;N52.12;10;
2;England;Suffolk;Sudbury;;E0.72;N52.03;10;
2;England;Suffolk;Sutton;;E1.35;N52.05;10;
2;England;Suffolk;Sutton Street;;E1.35;N52.04;10;
2;England;Suffolk;Swan Green;;E1.35;N52.31;10;
2;England;Suffolk;Sweffling;;E1.42;N52.21;10;
2;England;Suffolk;Swilland;;E1.18;N52.12;10;
2;England;Suffolk;Swingleton Green;;E0.85;N52.08;10;
2;England;Suffolk;Syleham;;E1.24;N52.35;10;
2;England;Suffolk;Tan Office;;E1.07;N52.22;10;
2;England;Suffolk;Tan Office Green;;E0.60;N52.19;10;
2;England;Suffolk;Tannington Place;;E1.26;N52.25;10;
2;England;Suffolk;Tattingstone;;E1.10;N51.99;10;
2;England;Suffolk;Tattingstone White Horse;;E1.10;N51.99;10;
2;England;Suffolk;Temple End;;E0.42;N52.12;10;
2;England;Suffolk;The Black Bourn;;E0.82;N52.30;10;
2;England;Suffolk;The Brook;;E1.05;N52.34;10;
2;England;Suffolk;The Heath;;E1.08;N51.98;10;
2;England;Suffolk;The Marsh;;E1.09;N52.34;10;
2;England;Suffolk;The Marsh;;E1.05;N52.35;10;
2;England;Suffolk;The Port of Felixstowe;;E1.31;N51.94;10;
2;England;Suffolk;The Woodlands;;E1.14;N51.98;10;
2;England;Suffolk;The Woodlands;;E0.98;N52.02;10;
2;England;Suffolk;Theberton;;E1.55;N52.22;10;
2;England;Suffolk;Thelnetham;;E0.95;N52.36;10;
2;England;Suffolk;Thistley Green;;E0.45;N52.35;10;
2;England;Suffolk;Thorington;;E1.54;N52.31;10;
2;England;Suffolk;Thorington Street;;E0.92;N51.97;10;
2;England;Suffolk;Thorndon;;E1.12;N52.27;10;
2;England;Suffolk;Thorney Green;;E1.01;N52.20;10;
2;England;Suffolk;Thornham Magna;;E1.07;N52.28;10;
2;England;Suffolk;Thornham Parva;;E1.07;N52.30;10;
2;England;Suffolk;Thorns;;E0.54;N52.16;10;
2;England;Suffolk;Thorpe Common;;E1.29;N51.98;10;
2;England;Suffolk;Thorpe Green;;E0.81;N52.15;10;
2;England;Suffolk;Thorpe Morieux;;E0.83;N52.14;10;
2;England;Suffolk;Thorpe Street;;E0.96;N52.35;10;
2;England;Suffolk;Thorpeness;;E1.61;N52.17;10;
2;England;Suffolk;Thrandeston;;E1.09;N52.34;10;
2;England;Suffolk;Thurston;;E0.81;N52.24;10;
2;England;Suffolk;Thurston End;;E0.61;N52.12;10;
2;England;Suffolk;Thwaite;;E1.09;N52.26;10;
2;England;Suffolk;Timworth;;E0.72;N52.28;10;
2;England;Suffolk;Timworth Green;;E0.71;N52.28;10;
2;England;Suffolk;Toad Row;;E1.67;N52.41;10;
2;England;Suffolk;Tostock;;E0.85;N52.23;10;
2;England;Suffolk;Trimley Lower Street;;E1.28;N51.97;10;
2;England;Suffolk;Trimley St Martin;;E1.30;N51.98;10;
2;England;Suffolk;Trimley St Mary;;E1.31;N51.97;10;
2;England;Suffolk;Troston;;E0.77;N52.31;10;
2;England;Suffolk;Tuddenham;;E1.19;N52.08;10;
2;England;Suffolk;Tuddenham;;E0.53;N52.31;10;
2;England;Suffolk;Tunstall;;E1.44;N52.14;10;
2;England;Suffolk;Ufford;;E1.34;N52.11;10;
2;England;Suffolk;Uggeshall;;E1.58;N52.36;10;
2;England;Suffolk;Undley;;E0.48;N52.40;10;
2;England;Suffolk;Upminster;;E0.24;N51.56;10;
2;England;Suffolk;Upper Green;;E0.54;N52.24;10;
2;England;Suffolk;Upper Holton;;E1.52;N52.34;10;
2;England;Suffolk;Upper Layham;;E0.95;N52.02;10;
2;England;Suffolk;Upper Street;;E1.11;N51.96;10;
2;England;Suffolk;Upper Street;;E1.06;N52.11;10;
2;England;Suffolk;Upper Street;;E0.59;N52.12;10;
2;England;Suffolk;Upper Town;;E0.81;N52.26;10;
2;England;Suffolk;Upper Weybread;;E1.27;N52.36;10;
2;England;Suffolk;Upsher Green;;E0.78;N52.05;10;
2;England;Suffolk;Upthorpe;;E0.88;N52.31;10;
2;England;Suffolk;Walberswick;;E1.65;N52.30;10;
2;England;Suffolk;Waldringfield;;E1.32;N52.04;10;
2;England;Suffolk;Waldringfield Heath;;E1.29;N52.04;10;
2;England;Suffolk;Wales End;;E0.61;N52.11;10;
2;England;Suffolk;Walpole;;E1.46;N52.31;10;
2;England;Suffolk;Walsham Le Willows;;E0.93;N52.30;10;
2;England;Suffolk;Walton;;E1.33;N51.96;10;
2;England;Suffolk;Wangford;;E1.61;N52.35;10;
2;England;Suffolk;Ward Green;;E0.98;N52.22;10;
2;England;Suffolk;Warren Heath;;E1.20;N52.03;10;
2;England;Suffolk;Washbrook;;E1.07;N52.03;10;
2;England;Suffolk;Washbrook Street;;E1.07;N52.03;10;
2;England;Suffolk;Washmere Green;;E0.78;N52.08;10;
2;England;Suffolk;Wattisfield;;E0.94;N52.32;10;
2;England;Suffolk;Wattisham;;E0.93;N52.12;10;
2;England;Suffolk;Wattisham Stone;;E0.92;N52.12;10;
2;England;Suffolk;Waveney;;E1.41;N52.44;10;
2;England;Suffolk;Wenhaston;;E1.54;N52.32;10;
2;England;Suffolk;Wenhaston Black Heath;;E1.53;N52.31;10;
2;England;Suffolk;Wennington;;E0.21;N51.49;10;
2;England;Suffolk;West End;;E1.61;N52.39;10;
2;England;Suffolk;West Row;;E0.45;N52.34;10;
2;England;Suffolk;West Stow;;E0.65;N52.29;10;
2;England;Suffolk;West Street;;E0.90;N52.29;10;
2;England;Suffolk;Westbourne;;E1.12;N52.06;10;
2;England;Suffolk;Westerfield;;E1.16;N52.07;10;
2;England;Suffolk;Westhall;;E1.53;N52.37;10;
2;England;Suffolk;Westhorpe;;E0.98;N52.28;10;
2;England;Suffolk;Westleton;;E1.57;N52.26;10;
2;England;Suffolk;Westley;;E0.66;N52.24;10;
2;England;Suffolk;Weston;;E1.55;N52.42;10;
2;England;Suffolk;Weston Ditch;;E0.45;N52.36;10;
2;England;Suffolk;Wetherden;;E0.92;N52.22;10;
2;England;Suffolk;Wetherden Upper Town;;E0.94;N52.24;10;
2;England;Suffolk;Wetheringsett;;E1.10;N52.25;10;
2;England;Suffolk;Wetherup Street;;E1.11;N52.23;10;
2;England;Suffolk;Weybread;;E1.28;N52.37;10;
2;England;Suffolk;Whatfield;;E0.94;N52.07;10;
2;England;Suffolk;Whelp Street;;E0.83;N52.10;10;
2;England;Suffolk;Whepstead;;E0.67;N52.19;10;
2;England;Suffolk;Wherstead;;E1.13;N52.01;10;
2;England;Suffolk;White House;;E1.10;N52.07;10;
2;England;Suffolk;Whitestreet Green;;E0.86;N52.01;10;
2;England;Suffolk;Whitton;;E1.12;N52.08;10;
2;England;Suffolk;Wicker Street Green;;E0.87;N52.03;10;
2;England;Suffolk;Wickham Green;;E1.06;N52.27;10;
2;England;Suffolk;Wickham Market;;E1.36;N52.14;10;
2;England;Suffolk;Wickham Skeith;;E1.06;N52.27;10;
2;England;Suffolk;Wickham Street;;E0.55;N52.15;10;
2;England;Suffolk;Wickham Street;;E1.04;N52.28;10;
2;England;Suffolk;Wickhambrook;;E0.54;N52.16;10;
2;England;Suffolk;Wilby;;E1.28;N52.30;10;
2;England;Suffolk;Wilde Street;;E0.49;N52.37;10;
2;England;Suffolk;William's Green;;E0.88;N52.04;10;
2;England;Suffolk;Willingham;;E1.57;N52.40;10;
2;England;Suffolk;Willisham;;E1.02;N52.10;10;
2;England;Suffolk;Willisham Tye;;E1.00;N52.11;10;
2;England;Suffolk;Windsor Green;;E0.76;N52.15;10;
2;England;Suffolk;Wingfield;;E1.25;N52.33;10;
2;England;Suffolk;Wingfield Green;;E1.24;N52.34;10;
2;England;Suffolk;Winston;;E1.18;N52.20;10;
2;England;Suffolk;Wissett;;E1.46;N52.35;10;
2;England;Suffolk;Withermarsh Green;;E0.92;N51.99;10;
2;England;Suffolk;Withersdale Street;;E1.33;N52.38;10;
2;England;Suffolk;Withersfield;;E0.40;N52.09;10;
2;England;Suffolk;Witnesham;;E1.18;N52.10;10;
2;England;Suffolk;Woodbridge;;E1.29;N52.09;10;
2;England;Suffolk;Woodbridge Walk;;E1.42;N52.05;10;
2;England;Suffolk;Woolpit;;E0.88;N52.22;10;
2;England;Suffolk;Woolpit Green;;E0.88;N52.21;10;
2;England;Suffolk;Woolpit Heath;;E0.89;N52.21;10;
2;England;Suffolk;Woolverstone;;E1.17;N51.99;10;
2;England;Suffolk;Wootten Green;;E1.26;N52.30;10;
2;England;Suffolk;Wordwell;;E0.66;N52.31;10;
2;England;Suffolk;Workhouse Green;;E0.76;N51.99;10;
2;England;Suffolk;World's End;;E0.90;N52.15;10;
2;England;Suffolk;Worlingham;;E1.58;N52.44;10;
2;England;Suffolk;Worlington;;E0.47;N52.32;10;
2;England;Suffolk;Worlingworth;;E1.26;N52.26;10;
2;England;Suffolk;Wortham;;E1.05;N52.35;10;
2;England;Suffolk;Wrentham;;E1.65;N52.37;10;
2;England;Suffolk;Wyverstone;;E0.98;N52.26;10;
2;England;Suffolk;Wyverstone Green;;E0.98;N52.26;10;
2;England;Suffolk;Wyverstone Street;;E0.97;N52.26;10;
2;England;Suffolk;Yaxley;;E1.10;N52.31;10;
2;England;Suffolk;Yoxford;;E1.50;N52.25;10;