"Level";"Country";"State";"County";"Place";"Longitude";"Latitude";"ZoomLevel";"Icon"
2;Nederland;Gelderland;Aalten;;E6.515;N51.917;11;places/NLD/flags/GE/Aalten.png
3;Nederland;Gelderland;Aalten;'t Klooster;;;12;
3;Nederland;Gelderland;Aalten;Aalten;E6.582;N51.926;12;
3;Nederland;Gelderland;Aalten;Achterheurne;;;12;
3;Nederland;Gelderland;Aalten;Barlo;E6.591;N51.955;12;
3;Nederland;Gelderland;Aalten;Bredevoort;E6.618;N51.941;12;
3;Nederland;Gelderland;Aalten;Dale;E6.561;N51.942;12;
3;Nederland;Gelderland;Aalten;De Heurne;E6.490;N51.888;12;
3;Nederland;Gelderland;Aalten;Dinxperlo;E6.488;N51.863;12;
3;Nederland;Gelderland;Aalten;Haart;E6.633;N51.917;12;
3;Nederland;Gelderland;Aalten;Heurne;E6.584;N51.896;12;
3;Nederland;Gelderland;Aalten;IJzerlo;E6.541;N51.886;12;
3;Nederland;Gelderland;Aalten;Lintelo;E6.515;N51.925;12;
2;Nederland;Gelderland;Apeldoorn;;E6.033;N52.200;10;places/NLD/flags/GE/Apeldoorn.png
3;Nederland;Gelderland;Apeldoorn;Apeldoorn;E5.967;N52.217;12;
3;Nederland;Gelderland;Apeldoorn;Assel;E5.833;N52.200;12;
3;Nederland;Gelderland;Apeldoorn;Beekbergen;E5.964;N52.159;12;
3;Nederland;Gelderland;Apeldoorn;Beemte;E6.000;N52.250;12;
3;Nederland;Gelderland;Apeldoorn;Brink en Orden;E5.932;N52.201;12;
3;Nederland;Gelderland;Apeldoorn;Broekland;E6.008;N52.266;13;
3;Nederland;Gelderland;Apeldoorn;De Kar;E6.057;N52.197;13;
3;Nederland;Gelderland;Apeldoorn;Engeland;E5.958;N52.166;13;
3;Nederland;Gelderland;Apeldoorn;Groenendaal;E5.950;N52.081;13;
3;Nederland;Gelderland;Apeldoorn;Het Loo;E5.944;N52.228;12;
3;Nederland;Gelderland;Apeldoorn;Hoenderloo;E5.883;N52.117;12;
3;Nederland;Gelderland;Apeldoorn;Hoog Buurlo;E5.845;N52.179;13;
3;Nederland;Gelderland;Apeldoorn;Hoog Soeren;E5.872;N52.218;12;
3;Nederland;Gelderland;Apeldoorn;Hooilanden;;;12;
3;Nederland;Gelderland;Apeldoorn;Klarenbeek;E6.062;N52.166;12;
3;Nederland;Gelderland;Apeldoorn;Lieren;E5.988;N52.162;12;
3;Nederland;Gelderland;Apeldoorn;Loenen;E6.017;N52.117;12;
3;Nederland;Gelderland;Apeldoorn;Meerveld;E5.767;N52.233;12;
3;Nederland;Gelderland;Apeldoorn;Millingen Legerplaats;;;12;
3;Nederland;Gelderland;Apeldoorn;Nieuw-Milligen;E5.776;N52.221;12;
3;Nederland;Gelderland;Apeldoorn;Oosterhuizen;E6.007;N52.156;12;
3;Nederland;Gelderland;Apeldoorn;Radio Kootwijk;E5.840;N52.176;13;
3;Nederland;Gelderland;Apeldoorn;Uddel;E5.783;N52.257;12;
3;Nederland;Gelderland;Apeldoorn;Ugchelen;E5.933;N52.183;12;
3;Nederland;Gelderland;Apeldoorn;Wenum;E5.949;N52.248;13;
3;Nederland;Gelderland;Apeldoorn;Wenum  Wiesel;E5.964;N52.255;13;
3;Nederland;Gelderland;Apeldoorn;Wiesel;E5.940;N52.252;12;
3;Nederland;Gelderland;Apeldoorn;Woeste Hoeve;E5.951;N52.107;12;
3;Nederland;Gelderland;Apeldoorn;Woudhuizen;;;12;
3;Nederland;Gelderland;Apeldoorn;Zilven;E6.033;N52.108;12;
2;Nederland;Gelderland;Arnhem;;E5.869;N51.991;11;places/NLD/flags/GE/Arnhem.gif
3;Nederland;Gelderland;Arnhem;Arnhem;E5.905;N51.985;12;
3;Nederland;Gelderland;Arnhem;Elden;E5.881;N51.958;12;
3;Nederland;Gelderland;Arnhem;Schaarsbergen;E5.869;N52.026;12;
2;Nederland;Gelderland;Barneveld;;E5.507;N52.181;11;places/NLD/flags/GE/Barneveld.png
3;Nederland;Gelderland;Barneveld;Achterveld;E5.496;N52.137;12;
3;Nederland;Gelderland;Barneveld;Barneveld;E5.580;N52.139;12;
3;Nederland;Gelderland;Barneveld;De Glind;E5.506;N52.119;12;
3;Nederland;Gelderland;Barneveld;Garderen;E5.713;N52.233;13;
3;Nederland;Gelderland;Barneveld;Kootwijk;E5.767;N52.183;12;
3;Nederland;Gelderland;Barneveld;Kootwijkerbroek;E5.667;N52.150;12;
3;Nederland;Gelderland;Barneveld;Oud Milligen;E5.706;N52.213;12;
3;Nederland;Gelderland;Barneveld;Stroe;E5.692;N52.186;12;
3;Nederland;Gelderland;Barneveld;Terschuur;E5.517;N52.165;12;
3;Nederland;Gelderland;Barneveld;Voorthuizen;E5.605;N52.186;12;
3;Nederland;Gelderland;Barneveld;Zwartebroek;E5.507;N52.178;12;
2;Nederland;Gelderland;Berkelland;;E6.653;N52.098;10;places/NLD/flags/GE/Berkelland.png
3;Nederland;Gelderland;Berkelland;Achterveld;;;8;
3;Nederland;Gelderland;Berkelland;Avest;E6.588;N52.065;12;
3;Nederland;Gelderland;Berkelland;Beltrum;E6.567;N52.067;12;
3;Nederland;Gelderland;Berkelland;Borculo;E6.517;N52.117;12;
3;Nederland;Gelderland;Berkelland;Boschhoek;;;12;
3;Nederland;Gelderland;Berkelland;Brinkmanshoek;E6.485;N52.086;12;
3;Nederland;Gelderland;Berkelland;Broeke;;;12;
3;Nederland;Gelderland;Berkelland;Brouwershoek;E6.467;N52.100;12;
3;Nederland;Gelderland;Berkelland;De Bruil;E6.451;N52.073;13;
3;Nederland;Gelderland;Berkelland;De Haar;E6.441;N52.069;12;
3;Nederland;Gelderland;Berkelland;Eibergen;E6.644;N52.102;12;
3;Nederland;Gelderland;Berkelland;Geesteren;E6.527;N52.138;13;
3;Nederland;Gelderland;Berkelland;Gelselaar;E6.533;N52.167;12;
3;Nederland;Gelderland;Berkelland;Haarlo;E6.581;N52.113;12;
3;Nederland;Gelderland;Berkelland;Heurne;E6.510;N52.119;12;
3;Nederland;Gelderland;Berkelland;Holterhoek;E6.678;N52.064;12;
3;Nederland;Gelderland;Berkelland;Hoonte;E6.604;N52.124;12;
3;Nederland;Gelderland;Berkelland;Hupsel;E6.611;N52.081;12;
3;Nederland;Gelderland;Berkelland;Lintvelde;E6.550;N52.083;12;
3;Nederland;Gelderland;Berkelland;Lochuizen;E6.602;N52.147;12;
3;Nederland;Gelderland;Berkelland;Loo;E6.674;N52.107;12;
3;Nederland;Gelderland;Berkelland;Mallem;E6.670;N52.115;12;
3;Nederland;Gelderland;Berkelland;Mariënvelde;E6.470;N52.012;12;
3;Nederland;Gelderland;Berkelland;Neede;E6.617;N52.133;12;
3;Nederland;Gelderland;Berkelland;Noordijk;E6.573;N52.146;13;
3;Nederland;Gelderland;Berkelland;Noordijkerveld;;;12;
3;Nederland;Gelderland;Berkelland;Olden Eibergen;E6.606;N52.098;12;
3;Nederland;Gelderland;Berkelland;Rekken;E6.723;N52.094;12;
3;Nederland;Gelderland;Berkelland;Rietmolen;E6.663;N52.140;12;
3;Nederland;Gelderland;Berkelland;Ruurlo;E6.450;N52.083;12;
3;Nederland;Gelderland;Berkelland;Ruurlosebroek;E6.483;N52.050;13;
3;Nederland;Gelderland;Berkelland;Veldhoek;E6.413;N52.046;12;
3;Nederland;Gelderland;Berkelland;Voor-Beltrum;;;12;
3;Nederland;Gelderland;Berkelland;Zwilbroek;E6.683;N52.053;12;
3;Nederland;Gelderland;Berkelland;Zwolle;E6.653;N52.030;12;
2;Nederland;Gelderland;Beuningen;;E5.708;N51.868;12;places/NLD/flags/GE/Beuningen.png
3;Nederland;Gelderland;Beuningen;Beuningen;E5.770;N51.860;12;
3;Nederland;Gelderland;Beuningen;Ewijk;E5.733;N51.867;12;
3;Nederland;Gelderland;Beuningen;Weurt;E5.816;N51.857;12;
3;Nederland;Gelderland;Beuningen;Winssen;E5.708;N51.881;12;
2;Nederland;Gelderland;Bronckhorst;;E6.348;N52.062;10;
3;Nederland;Gelderland;Bronckhorst;Achter-Drempt;E6.180;N52.021;12;
3;Nederland;Gelderland;Bronckhorst;Baak;E6.225;N52.077;12;
3;Nederland;Gelderland;Bronckhorst;Bekveld;E6.298;N52.046;12;
3;Nederland;Gelderland;Bronckhorst;Bronkhorst;E6.181;N52.075;12;
3;Nederland;Gelderland;Bronckhorst;De Meene;E6.383;N52.017;13;
3;Nederland;Gelderland;Bronckhorst;Delden;E6.290;N52.086;12;
3;Nederland;Gelderland;Bronckhorst;Drempt;E6.168;N52.009;13;
3;Nederland;Gelderland;Bronckhorst;Dunsborg;E6.317;N52.031;12;
3;Nederland;Gelderland;Bronckhorst;Eldrik;E6.191;N51.986;12;
3;Nederland;Gelderland;Bronckhorst;Gooi;E6.267;N52.033;13;
3;Nederland;Gelderland;Bronckhorst;Halle;E6.430;N51.988;12;
3;Nederland;Gelderland;Bronckhorst;Halle-Heide;E6.442;N52.008;12;
3;Nederland;Gelderland;Bronckhorst;Halle-Nijman;E6.409;N51.978;12;
3;Nederland;Gelderland;Bronckhorst;Heidenhoek;E6.352;N51.987;12;
3;Nederland;Gelderland;Bronckhorst;Hengelo;E6.311;N52.051;12;
3;Nederland;Gelderland;Bronckhorst;Heurne;E6.450;N52.033;13;
3;Nederland;Gelderland;Bronckhorst;Hoog-Keppel;E6.201;N52.005;13;
3;Nederland;Gelderland;Bronckhorst;Hummelo;E6.232;N52.005;12;
3;Nederland;Gelderland;Bronckhorst;Keijenborg;E6.296;N52.031;12;
3;Nederland;Gelderland;Bronckhorst;Kranenburg;E6.360;N52.100;12;
3;Nederland;Gelderland;Bronckhorst;Laag-Keppel;E6.224;N51.996;12;
3;Nederland;Gelderland;Bronckhorst;Linde;E6.351;N52.081;12;
3;Nederland;Gelderland;Bronckhorst;Medler;;;12;
3;Nederland;Gelderland;Bronckhorst;Mossel;E6.369;N52.113;12;
3;Nederland;Gelderland;Bronckhorst;Noordink;E6.308;N52.066;12;
3;Nederland;Gelderland;Bronckhorst;Olburgen;E6.124;N52.044;12;
3;Nederland;Gelderland;Bronckhorst;Oosterwijk;E6.351;N52.028;12;
3;Nederland;Gelderland;Bronckhorst;Rha;E6.150;N52.050;12;
3;Nederland;Gelderland;Bronckhorst;Steenderen;E6.183;N52.067;12;
3;Nederland;Gelderland;Bronckhorst;Toldijk;E6.217;N52.050;12;
3;Nederland;Gelderland;Bronckhorst;Varssel;E6.381;N52.059;12;
3;Nederland;Gelderland;Bronckhorst;Veldhoek;E6.412;N52.047;12;
3;Nederland;Gelderland;Bronckhorst;Veldwijk;E6.317;N52.117;12;
3;Nederland;Gelderland;Bronckhorst;Velswijk;E6.303;N52.011;12;
3;Nederland;Gelderland;Bronckhorst;Vierakker;E6.235;N52.107;12;
3;Nederland;Gelderland;Bronckhorst;Voor-Drempt;E6.175;N52.006;12;
3;Nederland;Gelderland;Bronckhorst;Vorden;E6.312;N52.105;12;
3;Nederland;Gelderland;Bronckhorst;Wassinkbrink;E6.333;N52.000;13;
3;Nederland;Gelderland;Bronckhorst;Wichmond;E6.260;N52.088;13;
3;Nederland;Gelderland;Bronckhorst;Wildenborch;;;12;
3;Nederland;Gelderland;Bronckhorst;Winkelshoek;E6.317;N52.000;13;
3;Nederland;Gelderland;Bronckhorst;Wittebrink;E6.289;N52.004;12;
3;Nederland;Gelderland;Bronckhorst;Zelhem;E6.348;N52.006;12;
2;Nederland;Gelderland;Brummen;;E6.153;N52.113;11;places/NLD/flags/GE/Brummen.png
3;Nederland;Gelderland;Brummen;Brummen;E6.155;N52.087;12;
3;Nederland;Gelderland;Brummen;Coldenhove;E6.049;N52.090;12;
3;Nederland;Gelderland;Brummen;Cortenoever;E6.193;N52.107;12;
3;Nederland;Gelderland;Brummen;Eerbeek;E6.060;N52.104;12;
3;Nederland;Gelderland;Brummen;Empe;E6.141;N52.154;12;
3;Nederland;Gelderland;Brummen;Hall;E6.100;N52.112;12;
3;Nederland;Gelderland;Brummen;Leuvenheim;E6.139;N52.075;12;
3;Nederland;Gelderland;Brummen;Oeken;E6.145;N52.115;12;
3;Nederland;Gelderland;Brummen;Rhienderen;E6.150;N52.100;12;
3;Nederland;Gelderland;Brummen;Tonden;E6.133;N52.133;12;
3;Nederland;Gelderland;Brummen;Voorstonden;E6.153;N52.126;12;
2;Nederland;Gelderland;Buren;;E5.451;N51.941;11;places/NLD/flags/GE/Buren.png
3;Nederland;Gelderland;Buren;Aalst;E5.541;N51.935;12;
3;Nederland;Gelderland;Buren;Asch;E5.314;N51.931;12;
3;Nederland;Gelderland;Buren;Beusichem;E5.294;N51.949;12;
3;Nederland;Gelderland;Buren;Bontemorgen;E5.517;N51.967;13;
3;Nederland;Gelderland;Buren;Buren;E5.334;N51.909;12;
3;Nederland;Gelderland;Buren;De Mars;E5.533;N51.950;13;
3;Nederland;Gelderland;Buren;Den Eng;E5.500;N51.950;13;
3;Nederland;Gelderland;Buren;Eck en Wiel;E5.450;N51.967;12;
3;Nederland;Gelderland;Buren;Erichem;E5.350;N51.900;12;
3;Nederland;Gelderland;Buren;Essenbroek;;;12;
3;Nederland;Gelderland;Buren;Ganzert;E5.467;N51.967;13;
3;Nederland;Gelderland;Buren;Hoog Kana;E5.500;N51.967;13;
3;Nederland;Gelderland;Buren;Hoogmeien;E5.500;N51.933;13;
3;Nederland;Gelderland;Buren;Ingen;E5.483;N51.959;12;
3;Nederland;Gelderland;Buren;Kapel-Avezaath;E5.381;N51.880;12;
3;Nederland;Gelderland;Buren;Kerk-Avezaath;E5.383;N51.897;12;
3;Nederland;Gelderland;Buren;Klinkenberg;E5.500;N51.967;13;
3;Nederland;Gelderland;Buren;Leutes;E5.550;N51.933;13;
3;Nederland;Gelderland;Buren;Lienden;E5.519;N51.947;12;
3;Nederland;Gelderland;Buren;Luchtenburg;E5.500;N51.967;13;
3;Nederland;Gelderland;Buren;Maurik;E5.423;N51.961;12;
3;Nederland;Gelderland;Buren;Meerten;E5.517;N51.950;13;
3;Nederland;Gelderland;Buren;Meertenwei;E5.517;N51.933;13;
3;Nederland;Gelderland;Buren;Ommeren;E5.491;N51.947;12;
3;Nederland;Gelderland;Buren;Ommerenveld;E5.483;N51.933;13;
3;Nederland;Gelderland;Buren;Ravenswaaij;E5.327;N51.953;12;
3;Nederland;Gelderland;Buren;Rijswijk;E5.357;N51.958;12;
3;Nederland;Gelderland;Buren;Zevenmorgen;E5.500;N51.967;13;
3;Nederland;Gelderland;Buren;Zoelen;E5.403;N51.911;12;
3;Nederland;Gelderland;Buren;Zoelmond;E5.309;N51.941;12;
3;Nederland;Gelderland;Buren;Zwarte Paard;E5.451;N51.949;13;
2;Nederland;Gelderland;Culemborg;;E5.228;N51.950;12;places/NLD/flags/GE/Culemborg.png
3;Nederland;Gelderland;Culemborg;Culemborg;E5.228;N51.954;12;
2;Nederland;Gelderland;Doesburg;;E6.135;N52.011;12;places/NLD/flags/GE/Doesburg.png
3;Nederland;Gelderland;Doesburg;Doesburg;E6.135;N52.014;12;
2;Nederland;Gelderland;Doetinchem;;E6.283;N51.960;11;places/NLD/flags/GE/Doetinchem.png
3;Nederland;Gelderland;Doetinchem;Dichteren;E6.265;N51.955;12;
3;Nederland;Gelderland;Doetinchem;Doetinchem;E6.290;N51.964;12;
3;Nederland;Gelderland;Doetinchem;Gaanderen;E6.345;N51.928;12;
3;Nederland;Gelderland;Doetinchem;IJzevoorde;E6.356;N51.974;12;
3;Nederland;Gelderland;Doetinchem;Langerak;E6.250;N51.983;12;
3;Nederland;Gelderland;Doetinchem;Nieuw-Wehl;E6.167;N51.967;12;
3;Nederland;Gelderland;Doetinchem;Slangenburg;E6.376;N51.967;12;
3;Nederland;Gelderland;Doetinchem;Wehl;E6.212;N51.962;13;
3;Nederland;Gelderland;Doetinchem;Wijnbergen;E6.283;N51.946;13;
2;Nederland;Gelderland;Druten;;E5.590;N51.882;12;places/NLD/flags/GE/Druten.png
3;Nederland;Gelderland;Druten;Afferden;E5.634;N51.879;12;
3;Nederland;Gelderland;Druten;Deest;E5.665;N51.889;12;
3;Nederland;Gelderland;Druten;Druten;E5.606;N51.889;12;
3;Nederland;Gelderland;Druten;Horssen;E5.609;N51.855;12;
3;Nederland;Gelderland;Druten;Puiflijk;E5.590;N51.881;12;
2;Nederland;Gelderland;Duiven;;E5.992;N51.933;12;places/NLD/flags/GE/Duiven.png
3;Nederland;Gelderland;Duiven;Duiven;E6.017;N51.950;12;
3;Nederland;Gelderland;Duiven;Groessen;E6.028;N51.932;12;
3;Nederland;Gelderland;Duiven;Loo;E5.992;N51.930;12;
2;Nederland;Gelderland;Ede;;E5.716;N52.063;10;places/NLD/flags/GE/Ede.png
3;Nederland;Gelderland;Ede;Bennekom;E5.677;N52.001;12;
3;Nederland;Gelderland;Ede;De Klomp;E5.570;N52.046;12;
3;Nederland;Gelderland;Ede;Deelen;E5.895;N52.066;12;
3;Nederland;Gelderland;Ede;Ede;E5.668;N52.040;12;
3;Nederland;Gelderland;Ede;Ederveen;E5.579;N52.063;12;
3;Nederland;Gelderland;Ede;Harskamp;E5.753;N52.129;12;
3;Nederland;Gelderland;Ede;Hoenderloo;E5.879;N52.117;12;
3;Nederland;Gelderland;Ede;Lunteren;E5.621;N52.086;12;
3;Nederland;Gelderland;Ede;Otterlo;E5.772;N52.100;12;
3;Nederland;Gelderland;Ede;Wekerom;E5.716;N52.113;12;
2;Nederland;Gelderland;Elburg;;E5.855;N52.438;12;places/NLD/flags/GE/Elburg.gif
3;Nederland;Gelderland;Elburg;'t Harde;E5.883;N52.417;12;
3;Nederland;Gelderland;Elburg;Aperlo;E5.859;N52.425;12;
3;Nederland;Gelderland;Elburg;Doornspijk;E5.817;N52.417;12;
3;Nederland;Gelderland;Elburg;Elburg;E5.830;N52.450;12;
3;Nederland;Gelderland;Elburg;Hoge Enk;E5.839;N52.429;12;
3;Nederland;Gelderland;Elburg;Oostendorp;E5.855;N52.448;12;
2;Nederland;Gelderland;Epe;;E6.000;N52.328;11;places/NLD/flags/GE/Epe.png
3;Nederland;Gelderland;Epe;'t Laar;E5.950;N52.300;12;
3;Nederland;Gelderland;Epe;Boshoek;E6.035;N52.342;13;
3;Nederland;Gelderland;Epe;Dijkhuizen;E6.008;N52.355;12;
3;Nederland;Gelderland;Epe;Emst;E5.975;N52.314;13;
3;Nederland;Gelderland;Epe;Epe;E5.984;N52.347;12;
3;Nederland;Gelderland;Epe;Geerstraat;E6.017;N52.300;13;
3;Nederland;Gelderland;Epe;Gortel;E5.894;N52.313;12;
3;Nederland;Gelderland;Epe;Hanendorp;E5.969;N52.315;13;
3;Nederland;Gelderland;Epe;Hegge;E5.967;N52.300;13;
3;Nederland;Gelderland;Epe;Jonas;E6.000;N52.283;12;
3;Nederland;Gelderland;Epe;Laarstraat;E5.983;N52.333;13;
3;Nederland;Gelderland;Epe;Loobrink;E6.000;N52.317;13;
3;Nederland;Gelderland;Epe;Niersen;E5.900;N52.283;12;
3;Nederland;Gelderland;Epe;Oene;E6.049;N52.342;12;
3;Nederland;Gelderland;Epe;Oosterhof;E5.983;N52.283;13;
3;Nederland;Gelderland;Epe;Schaveren;E5.959;N52.322;12;
3;Nederland;Gelderland;Epe;Tongeren;E5.924;N52.354;12;
3;Nederland;Gelderland;Epe;Vaassen;E5.968;N52.289;12;
3;Nederland;Gelderland;Epe;Vemde;E6.016;N52.362;12;
3;Nederland;Gelderland;Epe;Westendorp;E5.980;N52.327;12;
3;Nederland;Gelderland;Epe;Wijnbergen;E6.017;N52.317;13;
3;Nederland;Gelderland;Epe;Wissel;E5.955;N52.342;12;
3;Nederland;Gelderland;Epe;Zuuk;E6.000;N52.333;13;
2;Nederland;Gelderland;Ermelo;;E5.617;N52.287;11;places/NLD/flags/GE/Ermelo.jpg
3;Nederland;Gelderland;Ermelo;De Beek;E5.750;N52.250;12;
3;Nederland;Gelderland;Ermelo;Drie;E5.679;N52.264;12;
3;Nederland;Gelderland;Ermelo;Ermelo;E5.626;N52.299;12;
3;Nederland;Gelderland;Ermelo;Horst;E5.583;N52.307;12;
3;Nederland;Gelderland;Ermelo;Houtdorp;E5.708;N52.244;12;
3;Nederland;Gelderland;Ermelo;Leuvenum;E5.718;N52.293;12;
3;Nederland;Gelderland;Ermelo;Speuld;E5.709;N52.270;12;
3;Nederland;Gelderland;Ermelo;Staverden;E5.733;N52.283;12;
3;Nederland;Gelderland;Ermelo;Telgt;E5.583;N52.300;13;
3;Nederland;Gelderland;Ermelo;Tonsel;E5.617;N52.329;12;
2;Nederland;Gelderland;Geldermalsen;;E5.269;N51.879;12;places/NLD/flags/GE/Geldermalsen.png
3;Nederland;Gelderland;Geldermalsen;Acquoy;E5.136;N51.878;12;
3;Nederland;Gelderland;Geldermalsen;Beesd;E5.192;N51.886;12;
3;Nederland;Gelderland;Geldermalsen;Buurmalsen;E5.289;N51.892;12;
3;Nederland;Gelderland;Geldermalsen;Deil;E5.243;N51.885;12;
3;Nederland;Gelderland;Geldermalsen;Enspijk;E5.217;N51.883;12;
3;Nederland;Gelderland;Geldermalsen;Geldermalsen;E5.289;N51.881;12;
3;Nederland;Gelderland;Geldermalsen;Gellicum;E5.155;N51.877;12;
3;Nederland;Gelderland;Geldermalsen;Meteren;E5.283;N51.862;12;
3;Nederland;Gelderland;Geldermalsen;Rhenoy;E5.153;N51.881;12;
3;Nederland;Gelderland;Geldermalsen;Rumpt;E5.178;N51.883;12;
3;Nederland;Gelderland;Geldermalsen;Tricht;E5.269;N51.890;12;
2;Nederland;Gelderland;Groesbeek;;E5.885;N51.792;11;places/NLD/flags/GE/Groesbeek.jpg
3;Nederland;Gelderland;Groesbeek;Berg en Dal;E5.917;N51.817;12;
3;Nederland;Gelderland;Groesbeek;Bredeweg;E5.938;N51.759;12;
3;Nederland;Gelderland;Groesbeek;De Horst;E5.970;N51.774;12;
3;Nederland;Gelderland;Groesbeek;Groesbeek;E5.934;N51.777;12;
3;Nederland;Gelderland;Groesbeek;Heilig Landstichting;E5.885;N51.816;13;
2;Nederland;Gelderland;Harderwijk;;E5.676;N52.353;12;places/NLD/flags/GE/Harderwijk.png
3;Nederland;Gelderland;Harderwijk;Harderwijk;E5.633;N52.350;12;
3;Nederland;Gelderland;Harderwijk;Hierden;E5.676;N52.358;12;
2;Nederland;Gelderland;Hattem;;E6.063;N52.467;12;places/NLD/flags/GE/Hattem.png
3;Nederland;Gelderland;Hattem;Hattem;E6.063;N52.473;12;
2;Nederland;Gelderland;Heerde;;E6.072;N52.420;11;places/NLD/flags/GE/Heerde.png
3;Nederland;Gelderland;Heerde;Berghuizen;E6.083;N52.450;13;
3;Nederland;Gelderland;Heerde;Heerde;E6.038;N52.387;12;
3;Nederland;Gelderland;Heerde;Hoorn;E6.067;N52.400;12;
3;Nederland;Gelderland;Heerde;Veessen;E6.091;N52.376;12;
3;Nederland;Gelderland;Heerde;Vorchten;E6.108;N52.397;12;
3;Nederland;Gelderland;Heerde;Wapenveld;E6.072;N52.430;12;
2;Nederland;Gelderland;Heumen;;E5.806;N51.775;12;places/NLD/flags/GE/Heumen.png
3;Nederland;Gelderland;Heumen;Blankenberg;;;12;
3;Nederland;Gelderland;Heumen;De Schatkuil;;;12;
3;Nederland;Gelderland;Heumen;Ewijk;E5.767;N51.767;12;
3;Nederland;Gelderland;Heumen;Heide;E5.817;N51.783;13;
3;Nederland;Gelderland;Heumen;Heumen;E5.844;N51.764;12;
3;Nederland;Gelderland;Heumen;Malden;E5.853;N51.780;12;
3;Nederland;Gelderland;Heumen;Molenhoek;E5.873;N51.767;13;
3;Nederland;Gelderland;Heumen;Nederasselt;E5.750;N51.767;12;
3;Nederland;Gelderland;Heumen;Overasselt;E5.786;N51.760;12;
3;Nederland;Gelderland;Heumen;Schoonenburg;E5.783;N51.765;13;
3;Nederland;Gelderland;Heumen;Sleeburg;;;12;
3;Nederland;Gelderland;Heumen;Valenberg;E5.783;N51.783;13;
3;Nederland;Gelderland;Heumen;Vogelenzang;;;12;
3;Nederland;Gelderland;Heumen;Vosseneind;E5.833;N51.765;13;
3;Nederland;Gelderland;Heumen;Worsem;E5.806;N51.767;13;
2;Nederland;Gelderland;Lingewaal;;E5.044;N51.832;12;places/NLD/flags/GE/Lingewaal.gif
3;Nederland;Gelderland;Lingewaal;Asperen;;;12;
3;Nederland;Gelderland;Lingewaal;Herwijnen;E5.129;N51.825;12;
3;Nederland;Gelderland;Lingewaal;Heukelum;;;12;
3;Nederland;Gelderland;Lingewaal;Spijk;;;12;
3;Nederland;Gelderland;Lingewaal;Vuren;E5.044;N51.825;12;
2;Nederland;Gelderland;Lingewaard;;;N51.910;11;
3;Nederland;Gelderland;Lingewaard;Angeren;E5.955;N51.916;12;
3;Nederland;Gelderland;Lingewaard;Bemmel;E5.899;N51.892;12;
3;Nederland;Gelderland;Lingewaard;Doornenburg;E5.998;N51.890;12;
3;Nederland;Gelderland;Lingewaard;Flieren;E5.956;N51.888;12;
3;Nederland;Gelderland;Lingewaard;Gendt;E5.969;N51.876;12;
3;Nederland;Gelderland;Lingewaard;Haalderen;E5.933;N51.883;12;
3;Nederland;Gelderland;Lingewaard;Huissen;E5.933;N51.933;12;
3;Nederland;Gelderland;Lingewaard;Hulhuizen;E5.989;N51.882;13;
3;Nederland;Gelderland;Lingewaard;Kapel;E5.967;N51.883;12;
3;Nederland;Gelderland;Lingewaard;Kommerdijk;E5.950;N51.867;12;
3;Nederland;Gelderland;Lingewaard;Ressen;E5.867;N51.889;12;
3;Nederland;Gelderland;Lingewaard;Zandvoort;E5.950;N51.883;13;
3;Nederland;Gelderland;Lingewaard;Zilverkamp;;;12;
2;Nederland;Gelderland;Lochem;;E6.265;N52.171;11;places/NLD/flags/GE/Lochem.png
3;Nederland;Gelderland;Lochem;Almen;E6.302;N52.157;12;
3;Nederland;Gelderland;Lochem;Ampsen;E6.425;N52.168;12;
3;Nederland;Gelderland;Lochem;Armhoede;E6.446;N52.172;12;
3;Nederland;Gelderland;Lochem;Barchem;E6.443;N52.125;12;
3;Nederland;Gelderland;Lochem;Boschheurne;E6.456;N52.112;12;
3;Nederland;Gelderland;Lochem;Eefde;E6.225;N52.168;12;
3;Nederland;Gelderland;Lochem;Epse;E6.200;N52.224;12;
3;Nederland;Gelderland;Lochem;Exel;E6.417;N52.183;12;
3;Nederland;Gelderland;Lochem;Gorssel;E6.200;N52.200;12;
3;Nederland;Gelderland;Lochem;Groot Dochteren;E6.361;N52.175;12;
3;Nederland;Gelderland;Lochem;Harfsen;E6.296;N52.207;12;
3;Nederland;Gelderland;Lochem;Joppe;E6.231;N52.208;12;
3;Nederland;Gelderland;Lochem;Klein Dochteren;E6.361;N52.149;12;
3;Nederland;Gelderland;Lochem;Kring van Dorth;E6.267;N52.217;12;
3;Nederland;Gelderland;Lochem;Laren;E6.367;N52.194;12;
3;Nederland;Gelderland;Lochem;Lochem;E6.415;N52.161;12;
3;Nederland;Gelderland;Lochem;Nettelhorst;E6.483;N52.167;12;
3;Nederland;Gelderland;Lochem;Oolde;E6.347;N52.204;12;
3;Nederland;Gelderland;Lochem;Verwolde;E6.392;N52.200;12;
3;Nederland;Gelderland;Lochem;Warken;E6.265;N52.139;12;
2;Nederland;Gelderland;Maasdriel;;E5.233;N51.778;11;places/NLD/flags/GE/Maasdriel.png
3;Nederland;Gelderland;Maasdriel;Alem;E5.345;N51.787;12;
3;Nederland;Gelderland;Maasdriel;Ammerzoden;E5.217;N51.750;12;
3;Nederland;Gelderland;Maasdriel;Hedel;E5.261;N51.748;12;
3;Nederland;Gelderland;Maasdriel;Heerewaarden;E5.392;N51.817;12;
3;Nederland;Gelderland;Maasdriel;Hoenzadriel;E5.330;N51.754;13;
3;Nederland;Gelderland;Maasdriel;Hurwenen;E5.315;N51.811;12;
3;Nederland;Gelderland;Maasdriel;Kerkdriel;E5.333;N51.767;12;
3;Nederland;Gelderland;Maasdriel;Rossum;E5.333;N51.800;12;
3;Nederland;Gelderland;Maasdriel;Slijkwell;E5.188;N51.750;13;
3;Nederland;Gelderland;Maasdriel;Velddriel;E5.306;N51.769;13;
3;Nederland;Gelderland;Maasdriel;Well;E5.204;N51.745;13;
3;Nederland;Gelderland;Maasdriel;Wellseind;E5.183;N51.765;13;
3;Nederland;Gelderland;Maasdriel;Wordragen;E5.233;N51.767;13;
2;Nederland;Gelderland;Millingen aan de Rijn;;E6.045;N51.862;12;places/NLD/flags/GE/Millingen_aan_de_Rijn.png
3;Nederland;Gelderland;Millingen aan de Rijn;Millingen aan de Rijn;E6.045;N51.862;12;
2;Nederland;Gelderland;Montferland;;E6.258;N51.918;11;
3;Nederland;Gelderland;Montferland;'s-Heerenberg;E6.254;N51.876;12;
3;Nederland;Gelderland;Montferland;Azewijn;E6.300;N51.883;12;
3;Nederland;Gelderland;Montferland;Beek;E6.188;N51.904;12;
3;Nederland;Gelderland;Montferland;Braamt;E6.264;N51.923;12;
3;Nederland;Gelderland;Montferland;Didam;E6.129;N51.941;12;
3;Nederland;Gelderland;Montferland;Greffelkamp;E6.117;N51.950;12;
3;Nederland;Gelderland;Montferland;Heide;E6.167;N51.933;13;
3;Nederland;Gelderland;Montferland;Holthuizen;E6.167;N51.950;13;
3;Nederland;Gelderland;Montferland;Kilder;E6.233;N51.933;12;
3;Nederland;Gelderland;Montferland;Lengel;E6.265;N51.882;12;
3;Nederland;Gelderland;Montferland;Loerbeek;E6.195;N51.920;12;
3;Nederland;Gelderland;Montferland;Loil;E6.143;N51.951;12;
3;Nederland;Gelderland;Montferland;Nieuw-Dijk;E6.155;N51.932;12;
3;Nederland;Gelderland;Montferland;Oost-Friesland;;;12;
3;Nederland;Gelderland;Montferland;Oud-Dijk;E6.133;N51.933;13;
3;Nederland;Gelderland;Montferland;Stokkum;E6.221;N51.878;12;
3;Nederland;Gelderland;Montferland;Vethuizen;E6.310;N51.916;12;
3;Nederland;Gelderland;Montferland;Wijnbergen;E6.282;N51.947;13;
3;Nederland;Gelderland;Montferland;Zeddam;E6.258;N51.904;12;
2;Nederland;Gelderland;Neder-Betuwe;;E5.633;N51.918;12;places/NLD/flags/GE/Neder-Betuwe.png
3;Nederland;Gelderland;Neder-Betuwe;Dodewaard;E5.657;N51.912;12;
3;Nederland;Gelderland;Neder-Betuwe;Echteld;E5.496;N51.909;12;
3;Nederland;Gelderland;Neder-Betuwe;Eldik;E5.600;N51.917;12;
3;Nederland;Gelderland;Neder-Betuwe;Hien;E5.666;N51.908;13;
3;Nederland;Gelderland;Neder-Betuwe;IJzendoorn;E5.529;N51.906;12;
3;Nederland;Gelderland;Neder-Betuwe;Kesteren;E5.567;N51.933;12;
3;Nederland;Gelderland;Neder-Betuwe;Ochten;E5.567;N51.907;12;
3;Nederland;Gelderland;Neder-Betuwe;Opheusden;E5.633;N51.933;12;
2;Nederland;Gelderland;Neerijnen;;E5.258;N51.841;11;places/NLD/flags/GE/Neerijnen.png
3;Nederland;Gelderland;Neerijnen;Est;E5.313;N51.851;12;
3;Nederland;Gelderland;Neerijnen;Haaften;E5.210;N51.817;12;
3;Nederland;Gelderland;Neerijnen;Heesselt;E5.347;N51.813;12;
3;Nederland;Gelderland;Neerijnen;Hellouw;E5.178;N51.828;12;
3;Nederland;Gelderland;Neerijnen;Neerijnen;E5.280;N51.831;12;
3;Nederland;Gelderland;Neerijnen;Ophemert;E5.386;N51.846;12;
3;Nederland;Gelderland;Neerijnen;Opijnen;E5.299;N51.829;12;
3;Nederland;Gelderland;Neerijnen;Tuil;E5.240;N51.822;12;
3;Nederland;Gelderland;Neerijnen;Varik;E5.370;N51.823;12;
3;Nederland;Gelderland;Neerijnen;Waardenburg;E5.258;N51.832;13;
2;Nederland;Gelderland;Nijkerk;;;N52.213;11;places/NLD/flags/GE/Nijkerk.png
3;Nederland;Gelderland;Nijkerk;'t Woud;E5.550;N52.200;13;
3;Nederland;Gelderland;Nijkerk;Achterhoek;E5.417;N52.217;12;
3;Nederland;Gelderland;Nijkerk;Appel;E5.543;N52.187;12;
3;Nederland;Gelderland;Nijkerk;De Veenhuis;;;12;
3;Nederland;Gelderland;Nijkerk;Doornsteeg;E5.467;N52.233;13;
3;Nederland;Gelderland;Nijkerk;Driedorp;E5.519;N52.207;13;
3;Nederland;Gelderland;Nijkerk;Hoevelaken;E5.457;N52.174;12;
3;Nederland;Gelderland;Nijkerk;Holk;E5.450;N52.221;12;
3;Nederland;Gelderland;Nijkerk;Holkerveen;E5.450;N52.200;13;
3;Nederland;Gelderland;Nijkerk;Kruishaar;E5.550;N52.200;13;
3;Nederland;Gelderland;Nijkerk;Nekkeveld;E5.399;N52.245;13;
3;Nederland;Gelderland;Nijkerk;Nijkerk;E5.483;N52.222;12;
3;Nederland;Gelderland;Nijkerk;Nijkerkerveen;E5.468;N52.194;12;
3;Nederland;Gelderland;Nijkerk;Palestina;E5.433;N52.217;13;
3;Nederland;Gelderland;Nijkerk;Prinsenkamp;;;12;
3;Nederland;Gelderland;Nijkerk;Slichtenhorst;E5.498;N52.203;13;
3;Nederland;Gelderland;Nijkerk;Wullenhove;;;12;
2;Nederland;Gelderland;Nijmegen;;E5.840;N51.851;11;places/NLD/flags/GE/Nijmegen.png
3;Nederland;Gelderland;Nijmegen;Brakkenstein;E5.864;N51.813;12;
3;Nederland;Gelderland;Nijmegen;Lent;E5.867;N51.864;12;
3;Nederland;Gelderland;Nijmegen;Nijmegen;E5.857;N51.839;12;
3;Nederland;Gelderland;Nijmegen;Oosterhout;E5.840;N51.878;12;
2;Nederland;Gelderland;Nunspeet;;E5.828;N52.335;11;places/NLD/flags/GE/Nunspeet.png
3;Nederland;Gelderland;Nunspeet;Elspeet;E5.789;N52.291;12;
3;Nederland;Gelderland;Nunspeet;Hulshorst;E5.733;N52.362;12;
3;Nederland;Gelderland;Nunspeet;Nunspeet;E5.789;N52.377;12;
3;Nederland;Gelderland;Nunspeet;Vierhouten;E5.828;N52.332;12;
2;Nederland;Gelderland;Oldebroek;;E6.000;N52.477;11;places/NLD/flags/GE/Oldebroek.png
3;Nederland;Gelderland;Oldebroek;'t Loo;E5.953;N52.445;12;
3;Nederland;Gelderland;Oldebroek;Bovenveen;E5.900;N52.433;13;
3;Nederland;Gelderland;Oldebroek;Eekt;E5.880;N52.452;12;
3;Nederland;Gelderland;Oldebroek;Hattemerbroek;E6.024;N52.474;12;
3;Nederland;Gelderland;Oldebroek;Kerkdorp;E5.900;N52.483;12;
3;Nederland;Gelderland;Oldebroek;Mullegen;E5.927;N52.435;12;
3;Nederland;Gelderland;Oldebroek;Noordeinde;E5.878;N52.511;12;
3;Nederland;Gelderland;Oldebroek;Oldebroek;E5.899;N52.445;12;
3;Nederland;Gelderland;Oldebroek;Oosterwolde;E5.894;N52.464;12;
3;Nederland;Gelderland;Oldebroek;Posthoorn;E5.933;N52.483;13;
3;Nederland;Gelderland;Oldebroek;Voskuil;E5.986;N52.490;12;
3;Nederland;Gelderland;Oldebroek;Wezep;E6.000;N52.462;12;
2;Nederland;Gelderland;Oost Gelre;;E6.520;N52.009;11;
3;Nederland;Gelderland;Oost Gelre;Eefsele;E6.595;N52.035;12;
3;Nederland;Gelderland;Oost Gelre;Groenlo;E6.617;N52.041;12;
3;Nederland;Gelderland;Oost Gelre;Harreveld;E6.518;N51.978;12;
3;Nederland;Gelderland;Oost Gelre;Lichtenvoorde;E6.563;N51.986;12;
3;Nederland;Gelderland;Oost Gelre;Lievelde;E6.594;N52.010;12;
3;Nederland;Gelderland;Oost Gelre;Vragender;E6.610;N51.986;12;
3;Nederland;Gelderland;Oost Gelre;Zieuwent;E6.520;N52.003;13;
2;Nederland;Gelderland;Oude IJsselstreek;;E6.350;N51.915;10;
3;Nederland;Gelderland;Oude IJsselstreek;Binnenheurne;E6.450;N51.933;12;
3;Nederland;Gelderland;Oude IJsselstreek;Bontebrug;E6.395;N51.895;13;
3;Nederland;Gelderland;Oude IJsselstreek;Breedenbroek;E6.469;N51.875;12;
3;Nederland;Gelderland;Oude IJsselstreek;Etten;E6.333;N51.917;12;
3;Nederland;Gelderland;Oude IJsselstreek;Gendringen;E6.374;N51.872;12;
3;Nederland;Gelderland;Oude IJsselstreek;Heelweg;E6.467;N51.967;12;
3;Nederland;Gelderland;Oude IJsselstreek;Heelweg-Oost;E6.483;N51.964;12;
3;Nederland;Gelderland;Oude IJsselstreek;Heelweg-West;E6.468;N51.971;12;
3;Nederland;Gelderland;Oude IJsselstreek;Megchelen;E6.392;N51.838;12;
3;Nederland;Gelderland;Oude IJsselstreek;Netterden;E6.313;N51.855;12;
3;Nederland;Gelderland;Oude IJsselstreek;Silvolde;E6.388;N51.910;12;
3;Nederland;Gelderland;Oude IJsselstreek;Sinderen;E6.459;N51.903;12;
3;Nederland;Gelderland;Oude IJsselstreek;Terborg;E6.358;N51.919;12;
3;Nederland;Gelderland;Oude IJsselstreek;Ulft;E6.378;N51.890;12;
3;Nederland;Gelderland;Oude IJsselstreek;Varsselder;E6.357;N51.886;13;
3;Nederland;Gelderland;Oude IJsselstreek;Varsselder-Veldhunten;E6.355;N51.886;12;
3;Nederland;Gelderland;Oude IJsselstreek;Varsseveld;E6.461;N51.942;12;
3;Nederland;Gelderland;Oude IJsselstreek;Voorst;E6.416;N51.876;12;
3;Nederland;Gelderland;Oude IJsselstreek;Warm;E6.311;N51.923;12;
3;Nederland;Gelderland;Oude IJsselstreek;Westendorp;E6.417;N51.950;12;
3;Nederland;Gelderland;Oude IJsselstreek;Wieken;E6.350;N51.867;12;
2;Nederland;Gelderland;Overbetuwe;;E5.715;N51.933;11;places/NLD/flags/GE/Overbetuwe.png
3;Nederland;Gelderland;Overbetuwe;Aam;E5.868;N51.914;12;
3;Nederland;Gelderland;Overbetuwe;Andelst;E5.731;N51.907;12;
3;Nederland;Gelderland;Overbetuwe;Driel;E5.813;N51.960;12;
3;Nederland;Gelderland;Overbetuwe;Elst;E5.842;N51.916;12;
3;Nederland;Gelderland;Overbetuwe;Hemmen;E5.700;N51.933;12;
3;Nederland;Gelderland;Overbetuwe;Herveld;E5.748;N51.898;12;
3;Nederland;Gelderland;Overbetuwe;Heteren;E5.753;N51.958;12;
3;Nederland;Gelderland;Overbetuwe;Homoet;E5.793;N51.932;12;
3;Nederland;Gelderland;Overbetuwe;Loenen;E5.773;N51.888;13;
3;Nederland;Gelderland;Overbetuwe;Oosterhout;E5.842;N51.879;12;
3;Nederland;Gelderland;Overbetuwe;Randwijk;E5.709;N51.952;12;
3;Nederland;Gelderland;Overbetuwe;Slijk-Ewijk;E5.793;N51.886;12;
3;Nederland;Gelderland;Overbetuwe;Valburg;E5.789;N51.912;12;
3;Nederland;Gelderland;Overbetuwe;Wolferen;;;12;
3;Nederland;Gelderland;Overbetuwe;Zetten;E5.715;N51.928;12;
2;Nederland;Gelderland;Putten;;E5.622;N52.241;12;places/NLD/flags/GE/Putten.png
3;Nederland;Gelderland;Putten;Bijsteren;E5.587;N52.255;12;
3;Nederland;Gelderland;Putten;Diermen;E5.498;N52.245;12;
3;Nederland;Gelderland;Putten;Gerven;E5.575;N52.216;12;
3;Nederland;Gelderland;Putten;Halvinkhuizen;E5.600;N52.248;12;
3;Nederland;Gelderland;Putten;Hell;E5.544;N52.233;12;
3;Nederland;Gelderland;Putten;Hoef;E5.560;N52.253;12;
3;Nederland;Gelderland;Putten;Huinen;E5.599;N52.229;12;
3;Nederland;Gelderland;Putten;Koudhoorn;E5.664;N52.232;12;
3;Nederland;Gelderland;Putten;Krachtighuizen;E5.617;N52.233;12;
3;Nederland;Gelderland;Putten;Putten;E5.610;N52.259;12;
3;Nederland;Gelderland;Putten;Steenenkamer;E5.550;N52.267;13;
3;Nederland;Gelderland;Putten;Veenhuizerveld;E5.622;N52.215;12;
2;Nederland;Gelderland;Renkum;;E5.793;N51.989;12;places/NLD/flags/GE/Renkum.png
3;Nederland;Gelderland;Renkum;Doorwerth;E5.799;N51.977;12;
3;Nederland;Gelderland;Renkum;Heelsum;E5.752;N51.980;12;
3;Nederland;Gelderland;Renkum;Heveadorp;E5.812;N51.975;13;
3;Nederland;Gelderland;Renkum;Oosterbeek;E5.843;N51.985;12;
3;Nederland;Gelderland;Renkum;Renkum;E5.729;N51.972;12;
3;Nederland;Gelderland;Renkum;Wolfheze;E5.793;N52.004;12;
2;Nederland;Gelderland;Rheden;;E5.976;N52.047;11;places/NLD/flags/GE/Rheden.png
3;Nederland;Gelderland;Rheden;Beimerwaard;E6.103;N52.018;12;
3;Nederland;Gelderland;Rheden;De Steeg;E6.061;N52.019;12;
3;Nederland;Gelderland;Rheden;Dieren;E6.102;N52.048;12;
3;Nederland;Gelderland;Rheden;Ellecom;E6.089;N52.031;12;
3;Nederland;Gelderland;Rheden;Laag-Soeren;E6.073;N52.083;12;
3;Nederland;Gelderland;Rheden;Rheden;E6.031;N52.005;12;
3;Nederland;Gelderland;Rheden;Spankeren;E6.111;N52.056;12;
3;Nederland;Gelderland;Rheden;Velp;E5.976;N51.994;12;
2;Nederland;Gelderland;Rijnwaarden;;E6.100;N51.871;12;places/NLD/flags/GE/Rijnwaarden.png
3;Nederland;Gelderland;Rijnwaarden;Aerdt;E6.082;N51.893;12;
3;Nederland;Gelderland;Rijnwaarden;Bijland;E6.101;N51.853;13;
3;Nederland;Gelderland;Rijnwaarden;Herwen;E6.100;N51.883;12;
3;Nederland;Gelderland;Rijnwaarden;Lobith;E6.116;N51.862;12;
3;Nederland;Gelderland;Rijnwaarden;Pannerden;E6.037;N51.889;12;
3;Nederland;Gelderland;Rijnwaarden;Spijk;E6.150;N51.850;12;
3;Nederland;Gelderland;Rijnwaarden;Tolkamer;E6.100;N51.850;12;
2;Nederland;Gelderland;Rozendaal;;E5.940;N52.035;11;places/NLD/flags/GE/Rozendaal.png
3;Nederland;Gelderland;Rozendaal;Imbosch;;;12;
3;Nederland;Gelderland;Rozendaal;Rozendaal;E5.964;N52.006;12;
3;Nederland;Gelderland;Rozendaal;Terlet;E5.940;N52.056;12;
2;Nederland;Gelderland;Scherpenzeel;;E5.488;N52.078;12;places/NLD/flags/GE/Scherpenzeel_gld.gif
3;Nederland;Gelderland;Scherpenzeel;Scherpenzeel;E5.488;N52.080;12;
2;Nederland;Gelderland;Tiel;;E5.411;N51.884;12;places/NLD/flags/GE/Tiel.png
3;Nederland;Gelderland;Tiel;Drumpt;E5.415;N51.895;12;
3;Nederland;Gelderland;Tiel;Kapel-Avezaath;E5.382;N51.880;12;
3;Nederland;Gelderland;Tiel;Kerk Avezaath;E5.383;N51.896;12;
3;Nederland;Gelderland;Tiel;Kerk-Avezaath;E5.382;N51.896;12;
3;Nederland;Gelderland;Tiel;Passewaay;E5.399;N51.871;12;
3;Nederland;Gelderland;Tiel;Tiel;E5.431;N51.887;12;
3;Nederland;Gelderland;Tiel;Wadenoijen;E5.371;N51.874;12;
3;Nederland;Gelderland;Tiel;Zennewijnen;E5.411;N51.858;12;
2;Nederland;Gelderland;Ubbergen;;E5.950;N51.845;12;places/NLD/flags/GE/Ubbergen.png
3;Nederland;Gelderland;Ubbergen;Beek;E5.933;N51.833;13;
3;Nederland;Gelderland;Ubbergen;Beek-Ubbergen;E5.928;N51.831;12;
3;Nederland;Gelderland;Ubbergen;Berg en Dal;E5.917;N51.817;12;
3;Nederland;Gelderland;Ubbergen;Erlecom;E5.967;N51.850;12;
3;Nederland;Gelderland;Ubbergen;Groenlanden;E5.917;N51.867;12;
3;Nederland;Gelderland;Ubbergen;Kekerdom;E6.005;N51.865;12;
3;Nederland;Gelderland;Ubbergen;Leuth;E5.995;N51.837;12;
3;Nederland;Gelderland;Ubbergen;Ooij;E5.938;N51.854;12;
3;Nederland;Gelderland;Ubbergen;Persingen;E5.916;N51.840;12;
3;Nederland;Gelderland;Ubbergen;Tiengeboden;E5.900;N51.867;13;
3;Nederland;Gelderland;Ubbergen;Ubbergen;E5.899;N51.838;13;
3;Nederland;Gelderland;Ubbergen;Wercheren;E5.950;N51.850;13;
2;Nederland;Gelderland;Voorst;;E6.147;N52.224;10;places/NLD/flags/GE/Voorst.png
3;Nederland;Gelderland;Voorst;Appen;E6.129;N52.182;13;
3;Nederland;Gelderland;Voorst;Bussloo;E6.130;N52.197;12;
3;Nederland;Gelderland;Voorst;De Kar;E6.056;N52.197;12;
3;Nederland;Gelderland;Voorst;De Vecht;E6.039;N52.257;12;
3;Nederland;Gelderland;Voorst;De Wijk;;;12;
3;Nederland;Gelderland;Voorst;Duistervoorde;E6.093;N52.228;12;
3;Nederland;Gelderland;Voorst;Gietelo;E6.133;N52.183;12;
3;Nederland;Gelderland;Voorst;Klarenbeek;E6.062;N52.167;12;
3;Nederland;Gelderland;Voorst;Klein-Amsterdam;E6.100;N52.150;12;
3;Nederland;Gelderland;Voorst;Nijbroek;E6.061;N52.292;12;
3;Nederland;Gelderland;Voorst;Noord-Empe;E6.118;N52.165;13;
3;Nederland;Gelderland;Voorst;Posterenk;E6.117;N52.213;12;
3;Nederland;Gelderland;Voorst;Spekhoek;E6.085;N52.266;13;
3;Nederland;Gelderland;Voorst;Steenenkamer;E6.145;N52.248;13;
3;Nederland;Gelderland;Voorst;Terwolde;E6.100;N52.283;12;
3;Nederland;Gelderland;Voorst;Teuge;E6.050;N52.233;12;
3;Nederland;Gelderland;Voorst;Twello;E6.105;N52.236;12;
3;Nederland;Gelderland;Voorst;Voorst;E6.142;N52.170;12;
3;Nederland;Gelderland;Voorst;Wilp;E6.147;N52.216;12;
3;Nederland;Gelderland;Voorst;Wilp-Achterhoek;E6.079;N52.210;12;
2;Nederland;Gelderland;Wageningen;;E5.659;N51.967;12;places/NLD/flags/GE/Wageningen.gif
3;Nederland;Gelderland;Wageningen;Wageningen;E5.659;N51.966;12;
2;Nederland;Gelderland;West Maas en Waal;;E5.468;N51.859;11;places/NLD/flags/GE/West-Maas-en-Waal.png
3;Nederland;Gelderland;West Maas en Waal;Alphen;E5.473;N51.821;12;
3;Nederland;Gelderland;West Maas en Waal;Altforst;E5.567;N51.850;12;
3;Nederland;Gelderland;West Maas en Waal;Appeltern;E5.583;N51.833;12;
3;Nederland;Gelderland;West Maas en Waal;Beneden-Leeuwen;E5.517;N51.883;12;
3;Nederland;Gelderland;West Maas en Waal;Blauwe Sluis;E5.554;N51.840;12;
3;Nederland;Gelderland;West Maas en Waal;Boven-Leeuwen;E5.550;N51.883;12;
3;Nederland;Gelderland;West Maas en Waal;Dreumel;E5.431;N51.847;12;
3;Nederland;Gelderland;West Maas en Waal;Maasbommel;E5.540;N51.820;12;
3;Nederland;Gelderland;West Maas en Waal;Wamel;E5.468;N51.879;12;
2;Nederland;Gelderland;Westervoort;;E5.969;N51.957;12;places/NLD/flags/GE/Westervoort.png
3;Nederland;Gelderland;Westervoort;Westervoort;E5.969;N51.961;12;
2;Nederland;Gelderland;Wijchen;;E5.735;N51.823;11;places/NLD/flags/GE/Wijchen.gif
3;Nederland;Gelderland;Wijchen;Alverna;E5.758;N51.803;12;
3;Nederland;Gelderland;Wijchen;Balgoij;E5.714;N51.780;12;
3;Nederland;Gelderland;Wijchen;Batenburg;E5.629;N51.822;12;
3;Nederland;Gelderland;Wijchen;Bergharen;E5.667;N51.850;12;
3;Nederland;Gelderland;Wijchen;Hernen;E5.683;N51.833;12;
3;Nederland;Gelderland;Wijchen;Leur;E5.692;N51.818;12;
3;Nederland;Gelderland;Wijchen;Niftrik;E5.669;N51.795;12;
3;Nederland;Gelderland;Wijchen;Wijchen;E5.728;N51.807;12;
3;Nederland;Gelderland;Wijchen;Woezik;E5.735;N51.821;12;
2;Nederland;Gelderland;Winterswijk;;E6.720;N51.967;11;places/NLD/flags/GE/Winterswijk.png
3;Nederland;Gelderland;Winterswijk;Brinkheurne;E6.744;N51.950;12;
3;Nederland;Gelderland;Winterswijk;Corle;E6.660;N51.968;12;
3;Nederland;Gelderland;Winterswijk;Henxel;E6.756;N51.978;12;
3;Nederland;Gelderland;Winterswijk;Huppel;E6.742;N51.999;12;
3;Nederland;Gelderland;Winterswijk;Kotten;E6.769;N51.941;12;
3;Nederland;Gelderland;Winterswijk;Meddo;E6.707;N52.013;12;
3;Nederland;Gelderland;Winterswijk;Miste;E6.657;N51.945;12;
3;Nederland;Gelderland;Winterswijk;Ratum;E6.802;N51.976;12;
3;Nederland;Gelderland;Winterswijk;Winterswijk;E6.721;N51.972;12;
3;Nederland;Gelderland;Winterswijk;Woold;E6.720;N51.928;12;
2;Nederland;Gelderland;Zaltbommel;;E5.133;N51.792;11;places/NLD/flags/GE/Zaltbommel.jpg
3;Nederland;Gelderland;Zaltbommel;Aalst;E5.128;N51.782;12;
3;Nederland;Gelderland;Zaltbommel;Bern;E5.164;N51.748;12;
3;Nederland;Gelderland;Zaltbommel;Brakel;E5.090;N51.818;12;
3;Nederland;Gelderland;Zaltbommel;Bruchem;E5.233;N51.783;12;
3;Nederland;Gelderland;Zaltbommel;De Rietschoof;E5.133;N51.764;12;
3;Nederland;Gelderland;Zaltbommel;Delwijnen;E5.188;N51.770;13;
3;Nederland;Gelderland;Zaltbommel;Gameren;E5.200;N51.800;12;
3;Nederland;Gelderland;Zaltbommel;Kerkwijk;E5.219;N51.775;12;
3;Nederland;Gelderland;Zaltbommel;Nederhemert;E5.168;N51.762;12;
3;Nederland;Gelderland;Zaltbommel;Nederhemert-Noord;E5.167;N51.765;13;
3;Nederland;Gelderland;Zaltbommel;Nederhemert-Zuid;E5.150;N51.750;13;
3;Nederland;Gelderland;Zaltbommel;Nieuwaal;E5.178;N51.808;13;
3;Nederland;Gelderland;Zaltbommel;Oensel;E5.283;N51.800;13;
3;Nederland;Gelderland;Zaltbommel;Poederoijen;E5.078;N51.787;12;
3;Nederland;Gelderland;Zaltbommel;Poederoijensehoek;;;12;
3;Nederland;Gelderland;Zaltbommel;Slot Loevestein;E5.022;N51.816;13;
3;Nederland;Gelderland;Zaltbommel;Zaltbommel;E5.247;N51.806;12;
3;Nederland;Gelderland;Zaltbommel;Zuilichem;E5.133;N51.809;12;
2;Nederland;Gelderland;Zevenaar;;E6.067;N51.957;11;places/NLD/flags/GE/Zevenaar.gif
3;Nederland;Gelderland;Zevenaar;Angerlo;E6.133;N51.997;12;
3;Nederland;Gelderland;Zevenaar;Babberich;E6.111;N51.907;12;
3;Nederland;Gelderland;Zevenaar;Bahr;E6.050;N51.983;12;
3;Nederland;Gelderland;Zevenaar;Bevermeer;E6.166;N51.999;13;
3;Nederland;Gelderland;Zevenaar;Bingerden;E6.101;N51.991;12;
3;Nederland;Gelderland;Zevenaar;Giesbeek;E6.069;N51.995;12;
3;Nederland;Gelderland;Zevenaar;Lathum;E6.017;N51.983;12;
3;Nederland;Gelderland;Zevenaar;Ooy;E6.065;N51.922;12;
3;Nederland;Gelderland;Zevenaar;Oud Zevenaar;E6.083;N51.917;12;
3;Nederland;Gelderland;Zevenaar;Zevenaar;E6.067;N51.933;12;
2;Nederland;Gelderland;Zutphen;;E6.198;N52.136;12;places/NLD/flags/GE/Zutphen.png
3;Nederland;Gelderland;Zutphen;Bronsbergen;E6.200;N52.117;12;
3;Nederland;Gelderland;Zutphen;Leesten;E6.239;N52.122;12;
3;Nederland;Gelderland;Zutphen;Warken;E6.266;N52.140;12;
3;Nederland;Gelderland;Zutphen;Warnsveld;E6.228;N52.142;12;
3;Nederland;Gelderland;Zutphen;Zutphen;E6.198;N52.141;12;
