<!-- THIS FILE MUST BE SAVED IN UTF-8 ENCODING (or some special characters will be lost) -->
<!-- @version $Id$ -->
אזור יקנעם **
הרי נצרת תירען **
עמק בית שאן **
עמק חרוד **
עמק יזרעאל **
רמת כוכב **
רמת מנשה **
בית שאן
מגדל העמק
נצרת
נצרת עילית
עפולה
אביטל
אדירים
אומן
אחוזת ברק
אכסאל
אלון הגליל
אלוני אבא
אלונים
אליקים
בועיינה-נוג'ידאת
בית אלפא
בית השיטה
בית זיד
בית יוסף
בית לחם הגלילית
בית רימון
בית שערים
בלפוריה
בסמת טבעון
ברק
גבע
גבעת אלה
גבעת עוז
גבת
גדיש
גדעונה
גזית
גיניגר
גלעד(אבן יצחק)
גן נר
דבורה
דבורייה
דברת
דחי
דלייה
הושעיה
הזורע
היוגב
הסוללים
הרדוף
זרזיר
חבר
חמדיה
חנתון
חפצי-בה
טורעאן
טייבה (בעמק)
טירת צבי
טמרה (יזרעאל)
יזרעאל
יעל
יפיע
יפעת
יקנעם (מושבה)
יקנעם עילית
ירדנה
כעביה-טבאש-חג'אג'רה
כפר ברוך
כפר גדעון
כפר החורש
כפר יהושע
כפר יחזקאל
כפר כנא
כפר מצר
כפר רופין
מגידו
מגן שאול
מדרך עוז
מולדת
מוקייבלה
מזרע
מיטב
מירב
מלאה
מלכישוע
מנשית זבדה
מסילות
מעוז חיים
מעלה גלבוע
מצפה נטופה
מרחביה (מושב)
מרחביה (קיבוץ)
משהד
משמר העמק
נאעורה
נהלל
נווה אור
נווה איתן
נורית
ניין
ניר דוד (תל עמל)
ניר יפה
סולם
עוזייר
עילוט
עין דור
עין הנצי"ב
עין העמק
עין השופט
עין חרוד (איחוד)
עין חרוד (מאוחד)
עין מאהל
פרזון
ציפורי
צנדלה
רוויה
רומאנה
רומת הייב
רחוב
ריינה
רם-און
רמות מנשה
רמת דוד
רמת השופט
רמת ישי
רמת צבי
רשפים
שבלי - אום אל-גנם
שדה אליהו
שדה יעקב
שדה נחום
שדי תרומות
שלוחות
שמשית
שריד
תל יוסף
תל עדשים
תל תאומים
תמרת
